Model	Transcription factor	Model length	Quality	Model rank	Consensus	Model release	Data source	Best auROC (human)	Best auROC (mouse)	Peak sets in benchmark (human)	Peak sets in benchmark (mouse)	Aligned words	TF family	TF subfamily	MGI	EntrezGene	UniProt ID	UniProt AC
AHR_MOUSE.H11MO.0.B	Ahr	9	B	0	dKhGCGTGh	HOCOMOCOv9	Integrative					157	PAS domain factors{1.2.5}	Ahr-like factors{1.2.5.1}	105043	11622	AHR_MOUSE	P30561
AIRE_MOUSE.H11MO.0.C	Aire	18	C	0	hnnGGWWnddWWGGdbWh	HOCOMOCOv9	Integrative					41	AIRE{5.3.1}	AIRE{5.3.1.0.1}	1338803	11634	AIRE_MOUSE	Q9Z0E3
ALX1_MOUSE.H11MO.0.B	Alx1	12	B	0	vTRATYGnATTA	HOCOMOCOv9	Integrative					33	Paired-related HD factors{3.1.3}	ALX{3.1.3.1}	104621	216285	ALX1_MOUSE	Q8C8B0
ANDR_MOUSE.H11MO.0.A	Ar	16	A	0	RGvACAbTvTGTbCYb	HOCOMOCOv11	ChIP-Seq	0.966985728381228	0.9950109563449008	461	57	500	Steroid hormone receptors (NR3){2.1.1}	GR-like receptors (NR3C){2.1.1.1}	88064	11835	ANDR_MOUSE	P19091
AP2A_MOUSE.H11MO.0.A	Tfap2a	12	A	0	vbdSCCYGRGGC	HOCOMOCOv11	ChIP-Seq	0.939472681760814	0.9547316206728359	13	13	500	AP-2{1.3.1}	AP-2alpha{1.3.1.0.1}	104671	21418	AP2A_MOUSE	P34056
AP2B_MOUSE.H11MO.0.B	Tfap2b	10	B	0	GSCYGRGGRv	HOCOMOCOv9	Integrative					30	AP-2{1.3.1}	AP-2beta{1.3.1.0.2}	104672	21419	AP2B_MOUSE	Q61313
AP2C_MOUSE.H11MO.0.A	Tfap2c	13	A	0	bdSCCYCRGGShn	HOCOMOCOv11	ChIP-Seq	0.9386992462308592	0.9563446102167853	18	6	500	AP-2{1.3.1}	AP-2gamma{1.3.1.0.3}	106032	21420	AP2C_MOUSE	Q61312
ARI5B_MOUSE.H11MO.0.C	Arid5b	13	C	0	nbYKnRTATTSKd	HOCOMOCOv9	Integrative					19	ARID-related factors{3.7.1}	ARID5{3.7.1.5}	2175912	71371	ARI5B_MOUSE	Q8BM75
ARNT_MOUSE.H11MO.0.B	Arnt	8	B	0	bYACGTGh	HOCOMOCOv9	Integrative					283	PAS domain factors{1.2.5}	Arnt-like factors{1.2.5.2}	88071	11863	ARNT_MOUSE	P53762
ASCL1_MOUSE.H11MO.0.A	Ascl1	14	A	0	bhvCASCTGYYbbh	HOCOMOCOv11	ChIP-Seq	0.9765176861535042	0.9898007789012891	30	25	447	MyoD / ASC-related factors{1.2.2}	Achaete-Scute-like factors{1.2.2.2}	96919	17172	ASCL1_MOUSE	Q02067
ASCL2_MOUSE.H11MO.0.C	Ascl2	9	C	0	vCASCTGCY	HOCOMOCOv11	ChIP-Seq	0.5938772670309863	0.9195612617618293	8	9	505	MyoD / ASC-related factors{1.2.2}	Achaete-Scute-like factors{1.2.2.2}	96920	17173	ASCL2_MOUSE	O35885
ATF1_MOUSE.H11MO.0.B	Atf1	10	B	0	nTGACGTSMv	HOCOMOCOv9	Integrative					43	CREB-related factors{1.1.7}	CREB-like factors{1.1.7.1}	1298366	11908	ATF1_MOUSE	P81269
ATF2_MOUSE.H11MO.0.A	Atf2	11	A	0	dvTGAbGWMAb	HOCOMOCOv11	ChIP-Seq	0.7508853198428019	0.8493368940353917	8	4	502	Jun-related factors{1.1.1}	ATF-2-like factors{1.1.1.3}	109349	102641666; 11909	ATF2_MOUSE	P16951
ATF3_MOUSE.H11MO.0.A	Atf3	9	A	0	vTGAGTCAb	HOCOMOCOv11	ChIP-Seq	0.9051776183910107	0.8869371552150229	36	16	500	Fos-related factors{1.1.2}	ATF-3-like factors{1.1.2.2}	109384	11910	ATF3_MOUSE	Q60765
ATF4_MOUSE.H11MO.0.A	Atf4	12	A	0	dnMTGATGCAAY	HOCOMOCOv11	ChIP-Seq	0.9976138879040005	0.9551985620047178	18	9	500	ATF-4-related factors{1.1.6}	ATF-4{1.1.6.0.1}	88096	11911	ATF4_MOUSE	Q06507
ATOH1_MOUSE.H11MO.0.B	Atoh1	9	B	0	RRCAGMTGK	HOCOMOCOv11	ChIP-Seq	0.7590240511063262	0.988369181247659	3	4	502	Tal-related factors{1.2.3}	Neurogenin / Atonal-like factors{1.2.3.4}	104654	11921	ATOH1_MOUSE	P48985
BACH1_MOUSE.H11MO.0.C	Bach1	14	C	0	YGCTGAGTCAYGST	HOCOMOCOv9	Integrative					8	Jun-related factors{1.1.1}	NF-E2-like factors{1.1.1.2}	894680	12013	BACH1_MOUSE	P97302
BACH2_MOUSE.H11MO.0.A	Bach2	11	A	0	dSCYSAGTCAY	HOCOMOCOv11	ChIP-Seq	0.9249653619282661	0.9872164094665199	10	3	500	Jun-related factors{1.1.1}	NF-E2-like factors{1.1.1.2}	894679	12014	BACH2_MOUSE	P97303
BARX1_MOUSE.H11MO.0.C	Barx1	12	C	0	bbWAAdKGYYWh	HOCOMOCOv11	ChIP-Seq	0.5291255787838475	0.8185742911088966	2	2	150	NK-related factors{3.1.2}	BARX{3.1.2.2}	103124	12022	BARX1_MOUSE	Q9ER42
BATF3_MOUSE.H11MO.0.A	Batf3	17	A	0	ndSTTYChnWhTGAbdn	HOCOMOCOv11	ChIP-Seq		0.9633355429849693		5	500	B-ATF-related factors{1.1.4}	B-ATF-3{1.1.4.0.3}	1925491	381319	BATF3_MOUSE	Q9D275
BATF_MOUSE.H11MO.0.A	Batf	18	A	0	dnKhhhvddWTGASTSWb	HOCOMOCOv11	ChIP-Seq	0.958540248388777	0.9429293991413863	10	20	500	B-ATF-related factors{1.1.4}	B-ATF{1.1.4.0.1}	1859147	53314	BATF_MOUSE	O35284
BCL6_MOUSE.H11MO.0.A	Bcl6	13	A	0	hnMWYTCYAGGRW	HOCOMOCOv11	ChIP-Seq	0.7972975466222386	0.8845865313443603	27	11	500	More than 3 adjacent zinc finger factors{2.3.3}	BCL6 factors{2.3.3.22}	107187	12053	BCL6_MOUSE	P41183
BHA15_MOUSE.H11MO.0.A	Bhlha15	11	A	0	vvRRCAGCTGK	HOCOMOCOv11	ChIP-Seq		0.9880967602630606		6	500	Tal-related factors{1.2.3}	Neurogenin / Atonal-like factors{1.2.3.4}	891976	17341	BHA15_MOUSE	Q9QYC3
BHE40_MOUSE.H11MO.0.A	Bhlhe40	9	A	0	dCACGTGMv	HOCOMOCOv11	ChIP-Seq	0.8256880748933777	0.9778506402651168	10	5	505	Hairy-related factors{1.2.4}	Hairy-like factors{1.2.4.1}	1097714	20893	BHE40_MOUSE	O35185
BMAL1_MOUSE.H11MO.0.A	Arntl	9	A	0	MCACGTGMb	HOCOMOCOv11	ChIP-Seq	0.865655930373328	0.8801442566735165	18	15	501	PAS domain factors{1.2.5}	Arnt-like factors{1.2.5.2}	1096381	11865	BMAL1_MOUSE	Q9WTL8
BRAC_MOUSE.H11MO.0.B	T	25	B	0	dKKhvCWbhdddSTGTSWRdKhnKb	HOCOMOCOv11	ChIP-Seq	0.7039635880137484	0.8142308009522096	9	10	435	Brachyury-related factors{6.5.1}	T (Brachyury){6.5.1.0.1}	98472	20997	BRAC_MOUSE	P20293
CDX1_MOUSE.H11MO.0.C	Cdx1	8	C	0	hTTKAWGd	HOCOMOCOv9	Integrative					30	HOX-related factors{3.1.1}	CDX (Caudal type homeobox){3.1.1.9}	88360	12590	CDX1_MOUSE	P18111
CDX2_MOUSE.H11MO.0.A	Cdx2	12	A	0	bTTTATKRYhbb	HOCOMOCOv11	ChIP-Seq	0.9155735130463556	0.9904065244475825	13	23	500	HOX-related factors{3.1.1}	CDX (Caudal type homeobox){3.1.1.9}	88361	12591	CDX2_MOUSE	P43241
CEBPA_MOUSE.H11MO.0.A	Cebpa	11	A	0	dvTTKhGCAAY	HOCOMOCOv11	ChIP-Seq	0.9838683272420253	0.9913238223262557	18	153	500	C/EBP-related{1.1.8}	C/EBP{1.1.8.1}	99480	12606	CEBPA_MOUSE	P53566
CEBPB_MOUSE.H11MO.0.A	Cebpb	11	A	0	dRTTRhGCAAY	HOCOMOCOv11	ChIP-Seq	0.9834589406103266	0.9857094351853148	65	158	500	C/EBP-related{1.1.8}	C/EBP{1.1.8.1}	88373	12608	CEBPB_MOUSE	P28033
CEBPD_MOUSE.H11MO.0.B	Cebpd	11	B	0	dvTKdbGMAAK	HOCOMOCOv9	Integrative					79	C/EBP-related{1.1.8}	C/EBP{1.1.8.1}	103573	12609	CEBPD_MOUSE	Q00322
CEBPE_MOUSE.H11MO.0.A	Cebpe	12	A	0	dTKSGMAAThdb	HOCOMOCOv9	Integrative					803	C/EBP-related{1.1.8}	C/EBP{1.1.8.1}	103572	110794	CEBPE_MOUSE	Q6PZD9
CEBPG_MOUSE.H11MO.0.B	Cebpg	12	B	0	ddMTGATGMAAY	HOCOMOCOv11	ChIP-Seq	0.723915434963059	0.9702701927614527	2	4	493	C/EBP-related{1.1.8}	C/EBP{1.1.8.1}	104982	12611	CEBPG_MOUSE	P53568
CLOCK_MOUSE.H11MO.0.C	Clock	14	C	0	SdvnCAMRYGvvvh	HOCOMOCOv11	ChIP-Seq	0.6582184697413299	0.7345348064028436	5	22	253	PAS domain factors{1.2.5}	Arnt-like factors{1.2.5.2}	99698	12753	CLOCK_MOUSE	O08785
COE1_MOUSE.H11MO.0.A	Ebf1	13	A	0	dbYCCCWRGGGAv	HOCOMOCOv11	ChIP-Seq	0.9930928389249287	0.9928080247713514	17	55	429	Early B-Cell Factor-related factors{6.1.5}	EBF1 (COE1){6.1.5.0.1}	95275	13591	COE1_MOUSE	Q07802
COT1_MOUSE.H11MO.0.B	Nr2f1	9	B	0	YWRAGGTCA	HOCOMOCOv9	Integrative					86	RXR-related receptors (NR2){2.1.3}	COUP-like receptors (NR2F){2.1.3.5}	1352451	13865	COT1_MOUSE	Q60632
COT2_MOUSE.H11MO.0.A	Nr2f2	13	A	0	nhhRAGGTCAvvd	HOCOMOCOv11	ChIP-Seq	0.9314546559416983	0.8463510905533245	28	3	500	RXR-related receptors (NR2){2.1.3}	COUP-like receptors (NR2F){2.1.3.5}	1352452	11819	COT2_MOUSE	P43135
CREB1_MOUSE.H11MO.0.A	Creb1	11	A	0	ndRTGACGYhW	HOCOMOCOv11	ChIP-Seq	0.9267877376024539	0.8882756098039869	63	8	501	CREB-related factors{1.1.7}	CREB-like factors{1.1.7.1}	88494	12912	CREB1_MOUSE	Q01147
CREM_MOUSE.H11MO.0.C	Crem	11	C	0	SRvTGACGTSA	HOCOMOCOv9	Integrative					30	CREB-related factors{1.1.7}	CREB-like factors{1.1.7.1}	88495	12916	CREM_MOUSE	P27699
CRX_MOUSE.H11MO.0.A	Crx	13	A	0	hvRdvGGATTAdv	HOCOMOCOv11	ChIP-Seq		0.93346949847898		8	500	Paired-related HD factors{3.1.3}	OTX{3.1.3.17}	1194883	12951	CRX_MOUSE	O54751
CTCFL_MOUSE.H11MO.0.A	Ctcfl	18	A	0	vCCdSYAGGKGGCGChvb	HOCOMOCOv11	ChIP-Seq	0.969701738146693	0.9957807405423894	25	8	495	More than 3 adjacent zinc finger factors{2.3.3}	CTCF-like factors{2.3.3.50}	3652571	664799	CTCFL_MOUSE	A2APF3
CTCF_MOUSE.H11MO.0.A	Ctcf	20	A	0	bbdCCRSYAGGKGGCGSbvb	HOCOMOCOv11	ChIP-Seq	0.9976869872392883	0.9991576265599755	502	263	500	More than 3 adjacent zinc finger factors{2.3.3}	CTCF-like factors{2.3.3.50}	109447	13018	CTCF_MOUSE	Q61164
CUX1_MOUSE.H11MO.0.C	Cux1	14	C	0	vbRvndATYRRTbb	HOCOMOCOv9	Integrative					97	HD-CUT factors{3.1.9}	CUX{3.1.9.2}	88568	13047	CUX1_MOUSE	P53564
CUX2_MOUSE.H11MO.0.C	Cux2	11	C	0	hRRTCAATvvv	HOCOMOCOv11	ChIP-Seq		0.8673219194323042		5	496	HD-CUT factors{3.1.9}	CUX{3.1.9.2}	107321	13048	CUX2_MOUSE	P70298
DBP_MOUSE.H11MO.0.B	Dbp	11	B	0	vTKRYGTAAbv	HOCOMOCOv9	Integrative					26	C/EBP-related{1.1.8}	PAR factors{1.1.8.2}	94866	13170	DBP_MOUSE	Q60925
DDIT3_MOUSE.H11MO.0.C	Ddit3	10	C	0	MTGATGMAAb	HOCOMOCOv11	ChIP-Seq	0.6276649399172667	0.91021163790535	3	6	500	C/EBP-related{1.1.8}	C/EBP{1.1.8.1}	109247	13198	DDIT3_MOUSE	P35639
DLX3_MOUSE.H11MO.0.C	Dlx3	10	C	0	RMTAATTRvh	HOCOMOCOv9	Integrative					35	NK-related factors{3.1.2}	DLX{3.1.2.5}	94903	13393	DLX3_MOUSE	Q64205
DLX5_MOUSE.H11MO.0.C	Dlx5	11	C	0	WRATTRYWKbb	HOCOMOCOv11	ChIP-Seq		0.9090376862859906		2	465	NK-related factors{3.1.2}	DLX{3.1.2.5}	101926	13395	DLX5_MOUSE	P70396
DMRT1_MOUSE.H11MO.0.C	Dmrt1	17	C	0	hdGhhACAAWGTWdChv	HOCOMOCOv11	ChIP-Seq	0.551961828185557	0.9865777172939683	2	4	500	DMRT{2.5.1}	DMRT1{2.5.1.0.1}	1354733	50796	DMRT1_MOUSE	Q9QZ59
DMRTB_MOUSE.H11MO.0.C	Dmrtb1	16	C	0	bdGhWACWTTGTddCh	HOCOMOCOv11	ChIP-Seq		0.89943525974613		3	500	DMRT{2.5.1}	DMRTB1{2.5.1.0.6}	1927125	56296	DMRTB_MOUSE	A2A9I7
E2F1_MOUSE.H11MO.0.A	E2f1	12	A	0	vdRGGCGGGRvv	HOCOMOCOv11	ChIP-Seq	0.8917429208524569	0.9740759833149844	80	21	500	E2F-related factors{3.3.2}	E2F{3.3.2.1}	101941	13555	E2F1_MOUSE	Q61501
E2F2_MOUSE.H11MO.0.B	E2f2	10	B	0	RGCGCGMAWC	HOCOMOCOv9	Integrative					8	E2F-related factors{3.3.2}	E2F{3.3.2.1}	1096341	242705	E2F2_MOUSE	P56931
E2F3_MOUSE.H11MO.0.A	E2f3	10	A	0	dSGCGGGARv	HOCOMOCOv11	ChIP-Seq	0.813210348100709	0.9705398923202242	3	22	498	E2F-related factors{3.3.2}	E2F{3.3.2.1}	1096340	13557	E2F3_MOUSE	O35261
E2F4_MOUSE.H11MO.0.A	E2f4	14	A	0	vRddGGCGGGRvnn	HOCOMOCOv11	ChIP-Seq	0.9492803086244486	0.9774397942260549	15	37	500	E2F-related factors{3.3.2}	E2F{3.3.2.1}	103012	104394	E2F4_MOUSE	Q8R0K9
E2F5_MOUSE.H11MO.0.B	E2f5	10	B	0	nGCGCCAAAh	HOCOMOCOv9	Integrative					12	E2F-related factors{3.3.2}	E2F{3.3.2.1}	105091	13559	E2F5_MOUSE	Q61502
E2F6_MOUSE.H11MO.0.A	E2f6	12	A	0	ndRGCGGGARvv	HOCOMOCOv9	Integrative					2029	E2F-related factors{3.3.2}	E2F{3.3.2.1}	1354159	50496	E2F6_MOUSE	O54917
E2F7_MOUSE.H11MO.0.C	E2f7	13	C	0	vdRGCGGGARvdv	HOCOMOCOv11	ChIP-Seq	0.8458560638283186		16		500	E2F-related factors{3.3.2}	E2F{3.3.2.1}	1289147	52679	E2F7_MOUSE	Q6S7F2
EGR1_MOUSE.H11MO.0.A	Egr1	14	A	0	vbGYGKGGGYGGdd	HOCOMOCOv11	ChIP-Seq	0.987928043675523	0.9854317076234573	36	12	492	Three-zinc finger Krüppel-related factors{2.3.1}	EGR factors{2.3.1.3}	95295	13653	EGR1_MOUSE	P08046
EGR2_MOUSE.H11MO.0.A	Egr2	14	A	0	bShGKGGGhGKddv	HOCOMOCOv11	ChIP-Seq	0.9478577106932946	0.9953579154874458	4	25	506	Three-zinc finger Krüppel-related factors{2.3.1}	EGR factors{2.3.1.3}	95296	13654	EGR2_MOUSE	P08152
EHF_MOUSE.H11MO.0.B	Ehf	15	B	0	ndAbSAGGAAGYdvv	HOCOMOCOv11	ChIP-Seq	0.9662325705013194	0.6538707282589945	5	3	500	Ets-related factors{3.5.2}	EHF-like factors{3.5.2.4}	1270840	13661	EHF_MOUSE	O70273
ELF1_MOUSE.H11MO.0.A	Elf1	14	A	0	vvRvSCGGAAGYSv	HOCOMOCOv11	ChIP-Seq	0.9916892259368021	0.9745706958761905	43	5	500	Ets-related factors{3.5.2}	Elf-1-like factors{3.5.2.3}	107180	13709	ELF1_MOUSE	Q60775
ELF2_MOUSE.H11MO.0.C	Elf2	15	C	0	YRnCAGGAAGbGnnK	HOCOMOCOv9	Integrative					9	Ets-related factors{3.5.2}	Elf-1-like factors{3.5.2.3}	1916507	69257	ELF2_MOUSE	Q9JHC9
ELF3_MOUSE.H11MO.0.B	Elf3	14	B	0	vdAbSAGGAARYdv	HOCOMOCOv11	ChIP-Seq	0.9794306047462702		11		500	Ets-related factors{3.5.2}	EHF-like factors{3.5.2.4}	1101781	13710	ELF3_MOUSE	Q3UPW2
ELF5_MOUSE.H11MO.0.A	Elf5	17	A	0	RRRARRAGGAARddvnd	HOCOMOCOv11	ChIP-Seq	0.8449093520323858	0.9912007157350601	3	12	501	Ets-related factors{3.5.2}	EHF-like factors{3.5.2.4}	1335079	13711	ELF5_MOUSE	Q8VDK3
ELK1_MOUSE.H11MO.0.B	Elk1	11	B	0	vSCGGAAGYdv	HOCOMOCOv11	ChIP-Seq	0.9753004380150154	0.7147245638224834	4	7	501	Ets-related factors{3.5.2}	Elk-like factors{3.5.2.2}	101833	13712	ELK1_MOUSE	P41969
ELK4_MOUSE.H11MO.0.B	Elk4	13	B	0	vvvSMGGAARbvv	HOCOMOCOv11	ChIP-Seq	0.9548440392647368	0.6466602765860937	13	4	175	Ets-related factors{3.5.2}	Elk-like factors{3.5.2.2}	102853	13714	ELK4_MOUSE	P41158
EPAS1_MOUSE.H11MO.0.C	Epas1	9	C	0	vdACGTGhh	HOCOMOCOv11	ChIP-Seq	0.8376230322509763		24		500	PAS domain factors{1.2.5}	Ahr-like factors{1.2.5.1}	109169	13819	EPAS1_MOUSE	P97481
ERG_MOUSE.H11MO.0.A	Erg	14	A	0	vvvSMGGAARhdvv	HOCOMOCOv11	ChIP-Seq	0.9628703275999088	0.9759166609348584	79	16	500	Ets-related factors{3.5.2}	Ets-like factors{3.5.2.1}	95415	13876	ERG_MOUSE	P81270
ERR1_MOUSE.H11MO.0.A	Esrra	12	A	0	ddnYCAAGGTCA	HOCOMOCOv11	ChIP-Seq	0.9499381265797402	0.9821854306851471	31	3	500	Steroid hormone receptors (NR3){2.1.1}	ER-like receptors (NR3A&B){2.1.1.2}	1346831	26379	ERR1_MOUSE	O08580
ERR2_MOUSE.H11MO.0.A	Esrrb	17	A	0	dhdbYCAAGGTCAhhbh	HOCOMOCOv11	ChIP-Seq		0.9659181914655685		14	502	Steroid hormone receptors (NR3){2.1.1}	ER-like receptors (NR3A&B){2.1.1.2}	1346832	26380	ERR2_MOUSE	Q61539
ERR3_MOUSE.H11MO.0.C	Esrrg	10	C	0	bSAAGGWSAb	HOCOMOCOv11	ChIP-Seq		0.8492240787050693		2	242	Steroid hormone receptors (NR3){2.1.1}	ER-like receptors (NR3A&B){2.1.1.2}	1347056	26381	ERR3_MOUSE	P62509
ESR1_MOUSE.H11MO.0.A	Esr1	15	A	0	RKGWCASCvTGhYCY	HOCOMOCOv11	ChIP-Seq	0.9656938344809058	0.992827764183282	432	58	500	Steroid hormone receptors (NR3){2.1.1}	ER-like receptors (NR3A&B){2.1.1.2}	1352467	13982	ESR1_MOUSE	P19785
ESR2_MOUSE.H11MO.0.A	Esr2	15	A	0	RGGbCRbCbYGhCCY	HOCOMOCOv11	ChIP-Seq	0.9439816747063489	0.9407637117799258	11	7	497	Steroid hormone receptors (NR3){2.1.1}	ER-like receptors (NR3A&B){2.1.1.2}	109392	13983	ESR2_MOUSE	O08537
ETS1_MOUSE.H11MO.0.A	Ets1	14	A	0	vvvRSMGGAAGYSS	HOCOMOCOv11	ChIP-Seq	0.9529380120715032	0.9637332871128318	45	33	500	Ets-related factors{3.5.2}	Ets-like factors{3.5.2.1}	95455	23871	ETS1_MOUSE	P27577
ETS2_MOUSE.H11MO.0.A	Ets2	13	A	0	ddvdRGAARvRdv	HOCOMOCOv11	ChIP-Seq		0.8363364713017496		12	500			95456	23872	ETS2_MOUSE	P15037
ETV2_MOUSE.H11MO.0.A	Etv2	16	A	0	vvvRRCAGGAARYvSv	HOCOMOCOv11	ChIP-Seq		0.9808530108240284		6	230	Ets-related factors{3.5.2}	Ets-like factors{3.5.2.1}	99253	14008	ETV2_MOUSE	P41163
ETV4_MOUSE.H11MO.0.B	Etv4	8	B	0	vMGGAAGY	HOCOMOCOv9	Integrative					47	Ets-related factors{3.5.2}	Elk-like factors{3.5.2.2}	99423	18612	ETV4_MOUSE	P28322
ETV6_MOUSE.H11MO.0.C	Etv6	9	C	0	dSAGGAARb	HOCOMOCOv11	ChIP-Seq		0.8534153227910023		3	500	Ets-related factors{3.5.2}	ETV6-like factors{3.5.2.6}	109336	14011	ETV6_MOUSE	P97360
EVI1_MOUSE.H11MO.0.B	Mecom	16	B	0	dWGAYAAGATAAnMbd	HOCOMOCOv9	Integrative					141	Factors with multiple dispersed zinc fingers{2.3.4}	Evi-1-like factors{2.3.4.14}	95457		EVI1_MOUSE	P14404
FEV_MOUSE.H11MO.0.B	Fev	10	B	0	vvvRGARRhS	HOCOMOCOv11	ChIP-Seq	0.7533601895926533	0.8867482177593027	2	4	498	Ets-related factors{3.5.2}	Ets-like factors{3.5.2.1}	2449712	260298	FEV_MOUSE	Q8QZW2
FLI1_MOUSE.H11MO.0.A	Fli1	14	A	0	vvvdSMGGAAGbvv	HOCOMOCOv11	ChIP-Seq	0.9526432796067119	0.958492702798261	50	32	500	Ets-related factors{3.5.2}	Ets-like factors{3.5.2.1}	95554	14247	FLI1_MOUSE	P26323
FOSB_MOUSE.H11MO.0.A	Fosb	9	A	0	vTGAGTCAb	HOCOMOCOv11	ChIP-Seq	0.9747194657652812	0.9246285751157557	2	27	500	Fos-related factors{1.1.2}	Fos factors{1.1.2.1}	95575	14282	FOSB_MOUSE	P13346
FOSL1_MOUSE.H11MO.0.A	Fosl1	12	A	0	ddvTGAGTCAbh	HOCOMOCOv11	ChIP-Seq	0.9875559149257201	0.9519243475923495	21	2	500	Fos-related factors{1.1.2}	Fos factors{1.1.2.1}	107179	14283	FOSL1_MOUSE	P48755
FOSL2_MOUSE.H11MO.0.A	Fosl2	11	A	0	dvTGAGTCAbh	HOCOMOCOv11	ChIP-Seq	0.9958619937717283	0.977268507786594	27	5	500	Fos-related factors{1.1.2}	Fos factors{1.1.2.1}	102858	14284	FOSL2_MOUSE	P47930
FOS_MOUSE.H11MO.0.A	Fos	12	A	0	vdRTGAGTCAYh	HOCOMOCOv11	ChIP-Seq	0.9930199772005865	0.927399392072355	38	50	500	Fos-related factors{1.1.2}	Fos factors{1.1.2.1}	95574	14281	FOS_MOUSE	P01101
FOXA1_MOUSE.H11MO.0.A	Foxa1	10	A	0	TGTTTACWYW	HOCOMOCOv11	ChIP-Seq	0.9804400727650533	0.9784562985660552	199	28	501	Forkhead box (FOX) factors{3.3.1}	FOXA{3.3.1.1}	1347472	15375	FOXA1_MOUSE	P35582
FOXA2_MOUSE.H11MO.0.A	Foxa2	13	A	0	bnhTGTTTACWbW	HOCOMOCOv11	ChIP-Seq	0.9769680797579057	0.9916381297703151	22	34	500	Forkhead box (FOX) factors{3.3.1}	FOXA{3.3.1.1}	1347476	15376	FOXA2_MOUSE	P35583
FOXA3_MOUSE.H11MO.0.A	Foxa3	13	A	0	bhTGTTTACWbWd	HOCOMOCOv11	ChIP-Seq		0.9876773159501291		6	500	Forkhead box (FOX) factors{3.3.1}	FOXA{3.3.1.1}	1347477	15377	FOXA3_MOUSE	P35584
FOXC1_MOUSE.H11MO.0.C	Foxc1	15	C	0	bnhTGTTTACWTAvS	HOCOMOCOv9	Integrative					26	Forkhead box (FOX) factors{3.3.1}	FOXC{3.3.1.3}	1347466	17300	FOXC1_MOUSE	Q61572
FOXD3_MOUSE.H11MO.0.C	Foxd3	15	C	0	bbTGTTTnYhYddbh	HOCOMOCOv11	ChIP-Seq		0.7864867301925164		11	465	Forkhead box (FOX) factors{3.3.1}	FOXD{3.3.1.4}	1347473	15221	FOXD3_MOUSE	Q61060
FOXI1_MOUSE.H11MO.0.B	Foxi1	12	B	0	hWbTGATTGGYb	HOCOMOCOv9	Integrative					210	Forkhead box (FOX) factors{3.3.1}	FOXI{3.3.1.9}	1096329	14233	FOXI1_MOUSE	Q922I5
FOXJ2_MOUSE.H11MO.0.C	Foxj2	10	C	0	TRTTTATYTd	HOCOMOCOv9	Integrative					41	Forkhead box (FOX) factors{3.3.1}	FOXJ{3.3.1.10}	1926805	60611	FOXJ2_MOUSE	Q9ES18
FOXJ3_MOUSE.H11MO.0.A	Foxj3	13	A	0	dTGTTTATKKTTd	HOCOMOCOv9	Integrative					550	Forkhead box (FOX) factors{3.3.1}	FOXJ{3.3.1.10}	2443432	230700	FOXJ3_MOUSE	Q8BUR3
FOXK1_MOUSE.H11MO.0.A	Foxk1	11	A	0	bbTGTTKMYnb	HOCOMOCOv11	ChIP-Seq	0.8462548767935199	0.8909969377828016	11	4	500	Forkhead box (FOX) factors{3.3.1}	FOXK{3.3.1.11}	1347488	17425	FOXK1_MOUSE	P42128
FOXL2_MOUSE.H11MO.0.C	Foxl2	11	C	0	TGTTTWYhWWh	HOCOMOCOv11	ChIP-Seq		0.9261475351581495		2	501	Forkhead box (FOX) factors{3.3.1}	FOXL{3.3.1.12}	1349428	26927	FOXL2_MOUSE	O88470
FOXM1_MOUSE.H11MO.0.B	Foxm1	12	B	0	TRTTTRYWbWbn	HOCOMOCOv11	ChIP-Seq	0.8818092265856813		66		500	Forkhead box (FOX) factors{3.3.1}	FOXM{3.3.1.13}	1347487		FOXM1_MOUSE	O08696
FOXO1_MOUSE.H11MO.0.A	Foxo1	10	A	0	bbnTGTTTWC	HOCOMOCOv11	ChIP-Seq	0.8810879532221234	0.9341710414788349	9	21	500	Forkhead box (FOX) factors{3.3.1}	FOXO{3.3.1.15}	1890077	56458	FOXO1_MOUSE	Q9R1E0
FOXO3_MOUSE.H11MO.0.B	Foxo3	10	B	0	bbTGTTTACh	HOCOMOCOv11	ChIP-Seq	0.6682850701371983	0.94770226974739	2	7	500	Forkhead box (FOX) factors{3.3.1}	FOXO{3.3.1.15}	1890081	56484	FOXO3_MOUSE	Q9WVH4
FOXO4_MOUSE.H11MO.0.C	Foxo4	9	C	0	bTGTTTAbK	HOCOMOCOv9	Integrative					28	Forkhead box (FOX) factors{3.3.1}	FOXO{3.3.1.15}	1891915	54601	FOXO4_MOUSE	Q9WVH3
FOXP2_MOUSE.H11MO.0.A	Foxp2	9	A	0	nTGTTTMYn	HOCOMOCOv9	Integrative					2075	Forkhead box (FOX) factors{3.3.1}	FOXP{3.3.1.16}	2148705	114142	FOXP2_MOUSE	P58463
FOXQ1_MOUSE.H11MO.0.C	Foxq1	12	C	0	nRTTGTTTATKT	HOCOMOCOv9	Integrative					13	Forkhead box (FOX) factors{3.3.1}	FOXQ{3.3.1.17}	1298228	15220	FOXQ1_MOUSE	O70220
GABPA_MOUSE.H11MO.0.A	Gabpa	14	A	0	vvvvSCGGAAGYRv	HOCOMOCOv11	ChIP-Seq	0.987572528760399	0.9517059924236799	92	8	500	Ets-related factors{3.5.2}	Ets-like factors{3.5.2.1}	95610	14390	GABPA_MOUSE	Q00422
GATA1_MOUSE.H11MO.0.A	Gata1	19	A	0	bKbnnvnndvWGATAASvv	HOCOMOCOv11	ChIP-Seq	0.9641464948838933	0.9511421111682287	48	122	500	GATA-type zinc fingers{2.2.1}	Two zinc-finger GATA factors{2.2.1.1}	95661	14460	GATA1_MOUSE	P17679
GATA2_MOUSE.H11MO.0.A	Gata2	11	A	0	dvAGATAASvd	HOCOMOCOv11	ChIP-Seq	0.9462290825668087	0.9625641162083794	84	54	500	GATA-type zinc fingers{2.2.1}	Two zinc-finger GATA factors{2.2.1.1}	95662	14461	GATA2_MOUSE	O09100
GATA3_MOUSE.H11MO.0.A	Gata3	13	A	0	dvAGATARvvdbh	HOCOMOCOv11	ChIP-Seq	0.902511457444951	0.9120937844460345	98	60	500	GATA-type zinc fingers{2.2.1}	Two zinc-finger GATA factors{2.2.1.1}	95663	14462	GATA3_MOUSE	P23772
GATA4_MOUSE.H11MO.0.A	Gata4	10	A	0	dvWGATAASR	HOCOMOCOv11	ChIP-Seq	0.9546621184555543	0.939585335370212	15	17	500	GATA-type zinc fingers{2.2.1}	Two zinc-finger GATA factors{2.2.1.1}	95664	14463	GATA4_MOUSE	Q08369
GATA6_MOUSE.H11MO.0.A	Gata6	10	A	0	dvWGATAASv	HOCOMOCOv11	ChIP-Seq	0.9584020712886299	0.9680710349952009	29	7	500	GATA-type zinc fingers{2.2.1}	Two zinc-finger GATA factors{2.2.1.1}	107516	14465	GATA6_MOUSE	Q61169
GCR_MOUSE.H11MO.0.A	Nr3c1	15	A	0	RGdACAbAvWGThCY	HOCOMOCOv11	ChIP-Seq	0.9776798968239038	0.9896453498386726	143	119	500	Steroid hormone receptors (NR3){2.1.1}	GR-like receptors (NR3C){2.1.1.1}	95824		GCR_MOUSE	P06537
GFI1B_MOUSE.H11MO.0.A	Gfi1b	10	A	0	dYWSTGRTTK	HOCOMOCOv11	ChIP-Seq	0.8620991329679971	0.8883307444424573	3	24	503	More than 3 adjacent zinc finger factors{2.3.3}	GFI1 factors{2.3.3.21}	1276578	14582	GFI1B_MOUSE	O70237
GFI1_MOUSE.H11MO.0.C	Gfi1	10	C	0	RShSWGATTb	HOCOMOCOv9	Integrative					152	More than 3 adjacent zinc finger factors{2.3.3}	GFI1 factors{2.3.3.21}	103170	14581	GFI1_MOUSE	P70338
GLI1_MOUSE.H11MO.0.C	Gli1	12	C	0	bSTGGGTGGYCh	HOCOMOCOv11	ChIP-Seq	0.5611573100392913	0.9744646020478976	2	3	500	More than 3 adjacent zinc finger factors{2.3.3}	GLI-like factors{2.3.3.1}	95727	14632	GLI1_MOUSE	P47806
GRHL2_MOUSE.H11MO.0.A	Grhl2	12	A	0	RRCYdGTYYddC	HOCOMOCOv11	ChIP-Seq	0.9506498696993753	0.9511969744905407	22	4	500	Grainyhead-related factors{6.7.1}	GRH-like proteins{6.7.1.1}	2182543	252973	GRHL2_MOUSE	Q8K5C0
HAND1_MOUSE.H11MO.0.C	Hand1	17	C	0	ddbYCTGShhWnYvTCW	HOCOMOCOv11	ChIP-Seq		0.9951606774596644		3	500	Tal-related factors{1.2.3}	Twist-like factors{1.2.3.2}	103577	15110	HAND1_MOUSE	Q64279
HEN1_MOUSE.H11MO.0.C	Nhlh1	20	C	0	bKGGnMbCAGCTGCGKCYhh	HOCOMOCOv9	Integrative					55	Tal-related factors{1.2.3}	Tal / HEN-like factors{1.2.3.1}	98481	18071	HEN1_MOUSE	Q02576
HIC1_MOUSE.H11MO.0.C	Hic1	9	C	0	dKGKTGCCM	HOCOMOCOv9	Integrative					40	Factors with multiple dispersed zinc fingers{2.3.4}	Hypermethylated in Cancer proteins{2.3.4.17}	1338010	15248	HIC1_MOUSE	Q9R1Y5
HIF1A_MOUSE.H11MO.0.C	Hif1a	8	C	0	vdACGTGh	HOCOMOCOv11	ChIP-Seq	0.7620414498503719	0.7375160056506765	39	8	501	PAS domain factors{1.2.5}	Ahr-like factors{1.2.5.1}	106918	15251	HIF1A_MOUSE	Q61221
HINFP_MOUSE.H11MO.0.C	Hinfp	16	C	0	dhSnnvdCGGACGTWv	HOCOMOCOv9	Integrative					42	Factors with multiple dispersed zinc fingers{2.3.4}	HINFP-like factors{2.3.4.21}	2429620	102423	HINFP_MOUSE	Q8K1K9
HLF_MOUSE.H11MO.0.C	Hlf	11	C	0	dvTTRCAYAAb	HOCOMOCOv11	ChIP-Seq		0.9695016346734318		4	389	C/EBP-related{1.1.8}	PAR factors{1.1.8.2}	96108	217082	HLF_MOUSE	Q8BW74
HNF1A_MOUSE.H11MO.0.A	Hnf1a	15	A	0	RGTTAWTvWTYdhYv	HOCOMOCOv9	Integrative					175	POU domain factors{3.1.10}	HNF1-like factors{3.1.10.7}	98504	21405	HNF1A_MOUSE	P22361
HNF1B_MOUSE.H11MO.0.A	Hnf1b	15	A	0	dRTWAATGWKTWMYh	HOCOMOCOv11	ChIP-Seq	0.9469155081778228	0.9953155180858043	5	8	500	POU domain factors{3.1.10}	HNF1-like factors{3.1.10.7}	98505	21410	HNF1B_MOUSE	P27889
HNF4A_MOUSE.H11MO.0.A	Hnf4a	14	A	0	vdRdbCAAAGTYCR	HOCOMOCOv11	ChIP-Seq	0.982967943572852	0.9815642824221709	49	33	500	RXR-related receptors (NR2){2.1.3}	HNF-4 (NR2A){2.1.3.2}	109128	15378	HNF4A_MOUSE	P49698
HNF4G_MOUSE.H11MO.0.C	Hnf4g	14	C	0	vRGdnCAAAGKbCR	HOCOMOCOv11	ChIP-Seq	0.9829085010736749		6		500	RXR-related receptors (NR2){2.1.3}	HNF-4 (NR2A){2.1.3.2}	1353604	30942	HNF4G_MOUSE	Q9WUU6
HNF6_MOUSE.H11MO.0.A	Onecut1	11	A	0	hbYATTGATYd	HOCOMOCOv11	ChIP-Seq		0.9763061904579198		24	512	HD-CUT factors{3.1.9}	ONECUT{3.1.9.1}	1196423	15379	HNF6_MOUSE	O08755
HSF1_MOUSE.H11MO.0.A	Hsf1	15	A	0	bRGAAnnTTCYRGAA	HOCOMOCOv11	ChIP-Seq	0.995830568506973	0.98852561477715	56	32	502	HSF factors{3.4.1}	HSF1 (HSTF1){3.4.1.0.1}	96238	15499	HSF1_MOUSE	P38532
HSF2_MOUSE.H11MO.0.A	Hsf2	14	A	0	vSRWbvWKSKvGRh	HOCOMOCOv9	Integrative					1043	HSF factors{3.4.1}	HSF2 (HSTF2){3.4.1.0.2}	96239	15500	HSF2_MOUSE	P38533
HTF4_MOUSE.H11MO.0.A	Tcf12	10	A	0	dSCAGSTGKb	HOCOMOCOv11	ChIP-Seq	0.8968968161575869	0.9856909445077275	49	10	501	E2A-related factors{1.2.1}	HTF-4 (TCF-12, HEB){1.2.1.0.3}	101877	21406	HTF4_MOUSE	Q61286
HXA10_MOUSE.H11MO.0.C	Hoxa10	12	C	0	dnYnRTTTATGh	HOCOMOCOv9	Integrative					10	HOX-related factors{3.1.1}	HOX9-13{3.1.1.8}	96171	15395	HXA10_MOUSE	P31310
HXA13_MOUSE.H11MO.0.C	Hoxa13	11	C	0	vdTWTTATKGS	HOCOMOCOv9	Integrative					18	HOX-related factors{3.1.1}	HOX9-13{3.1.1.8}	96173	15398	HXA13_MOUSE	Q62424
HXA1_MOUSE.H11MO.0.C	Hoxa1	10	C	0	nTGATGGATG	HOCOMOCOv9	Integrative					8	HOX-related factors{3.1.1}	HOX1{3.1.1.1}	96170		HXA1_MOUSE	P09022
HXA9_MOUSE.H11MO.0.B	Hoxa9	11	B	0	dTGATTKAYdd	HOCOMOCOv11	ChIP-Seq	0.8830062243531501	0.7572393321853359	5	8	500	HOX-related factors{3.1.1}	HOX9-13{3.1.1.8}	96180	15405	HXA9_MOUSE	P09631
HXB4_MOUSE.H11MO.0.A	Hoxb4	8	A	0	bTAATKRS	HOCOMOCOv11	ChIP-Seq	0.49071066794610557	0.894377361122623	2	12	502	HOX-related factors{3.1.1}	HOX4{3.1.1.4}	96185	15412	HXB4_MOUSE	P10284
HXB7_MOUSE.H11MO.0.C	Hoxb7	10	C	0	WTGATTRATK	HOCOMOCOv9	Integrative					28	HOX-related factors{3.1.1}	HOX6-7{3.1.1.6}	96188	15415	HXB7_MOUSE	P09024
HXB8_MOUSE.H11MO.0.C	Hoxb8	11	C	0	TTGATTRATKv	HOCOMOCOv9	Integrative					26	HOX-related factors{3.1.1}	HOX8{3.1.1.7}	96189	15416	HXB8_MOUSE	P09632
HXC9_MOUSE.H11MO.0.A	Hoxc9	12	A	0	WRATTdAYdRbh	HOCOMOCOv11	ChIP-Seq		0.9549560633692685		7	500	HOX-related factors{3.1.1}	HOX9-13{3.1.1.8}	96199	15427	HXC9_MOUSE	P09633
IKZF1_MOUSE.H11MO.0.C	Ikzf1	8	C	0	bTGGGARd	HOCOMOCOv9	Integrative					61	Factors with multiple dispersed zinc fingers{2.3.4}	Ikaros{2.3.4.4}	1342540		IKZF1_MOUSE	Q03267
INSM1_MOUSE.H11MO.0.C	Insm1	12	C	0	KGYMAGGGGGCA	HOCOMOCOv9	Integrative					24	Factors with multiple dispersed zinc fingers{2.3.4}	Insulinoma-associated proteins{2.3.4.16}	1859980	53626	INSM1_MOUSE	Q63ZV0
IRF1_MOUSE.H11MO.0.A	Irf1	20	A	0	vRMWnhGAAASYGAAASYvd	HOCOMOCOv11	ChIP-Seq	0.9973877067414709	0.9985060776219963	23	18	504	Interferon-regulatory factors{3.5.3}	IRF-1{3.5.3.0.1}	96590	16362	IRF1_MOUSE	P15314
IRF2_MOUSE.H11MO.0.B	Irf2	20	B	0	nRRWvhGAAASYGAAASYvv	HOCOMOCOv11	ChIP-Seq	0.9935095990088767		8		499	Interferon-regulatory factors{3.5.3}	IRF-2{3.5.3.0.2}	96591	16363	IRF2_MOUSE	P23906
IRF3_MOUSE.H11MO.0.A	Irf3	20	A	0	dRRRddRAAAvdGRAASnRR	HOCOMOCOv11	ChIP-Seq	0.7890654898147282	0.9477784703256861	6	21	505	Interferon-regulatory factors{3.5.3}	IRF-3{3.5.3.0.3}	1859179	54131	IRF3_MOUSE	P70671
IRF4_MOUSE.H11MO.0.A	Irf4	18	A	0	ddRWvvRGAAvTGARAvh	HOCOMOCOv11	ChIP-Seq	0.9514956747093334	0.9811586879769999	19	61	500	Interferon-regulatory factors{3.5.3}	IRF-4 (LSIRF, NF-EM5, MUM1, Pip){3.5.3.0.4}	1096873	16364	IRF4_MOUSE	Q64287
IRF7_MOUSE.H11MO.0.C	Irf7	10	C	0	RAAAbYRAAW	HOCOMOCOv9	Integrative					40	Interferon-regulatory factors{3.5.3}	IRF-7{3.5.3.0.7}	1859212	54123	IRF7_MOUSE	P70434
IRF8_MOUSE.H11MO.0.A	Irf8	20	A	0	vdddvRGGAASTGAAASYdv	HOCOMOCOv11	ChIP-Seq		0.9960072148781145		59	505	Interferon-regulatory factors{3.5.3}	IRF-8 (ICSBP1){3.5.3.0.8}	96395	15900	IRF8_MOUSE	P23611
IRF9_MOUSE.H11MO.0.C	Irf9	12	C	0	GAAAbhGAAACT	HOCOMOCOv9	Integrative					5	Interferon-regulatory factors{3.5.3}	IRF-9 (ISGF-3gamma){3.5.3.0.9}	107587	16391	IRF9_MOUSE	Q61179
ISL1_MOUSE.H11MO.0.A	Isl1	9	A	0	vYWRAKKRv	HOCOMOCOv11	ChIP-Seq	0.8052092352140368	0.8580356265437225	3	13	500	HD-LIM factors{3.1.5}	ISL{3.1.5.1}	101791	16392	ISL1_MOUSE	P61372
ITF2_MOUSE.H11MO.0.B	Tcf4	9	B	0	vCAGGTGYd	HOCOMOCOv9	Integrative					553	E2A-related factors{1.2.1}	SEF2 (E2-2, TCF-4, ITF-2, MITF){1.2.1.0.2}	98506	21413	ITF2_MOUSE	Q60722
JUNB_MOUSE.H11MO.0.A	Junb	9	A	0	nTGAGTCAb	HOCOMOCOv11	ChIP-Seq	0.9768925143520614	0.9350146385337919	8	25	500	Jun-related factors{1.1.1}	Jun factors{1.1.1.1}	96647	16477	JUNB_MOUSE	P09450
JUND_MOUSE.H11MO.0.A	Jund	11	A	0	vdvTGAGTCAb	HOCOMOCOv11	ChIP-Seq	0.9953522563633256	0.9881391276682732	64	21	450	Jun-related factors{1.1.1}	Jun factors{1.1.1.1}	96648	16478	JUND_MOUSE	P15066
JUN_MOUSE.H11MO.0.A	Jun	10	A	0	dvTGAGTCAb	HOCOMOCOv11	ChIP-Seq	0.9487884694021494	0.9377065448036102	56	39	500	Jun-related factors{1.1.1}	Jun factors{1.1.1.1}	96646	16476	JUN_MOUSE	P05627
KAISO_MOUSE.H11MO.0.B	Zbtb33	15	B	0	vdRvbMYCGCGAGAv	HOCOMOCOv11	ChIP-Seq	0.8995097809029124		37		498	Other factors with up to three adjacent zinc fingers{2.3.2}	Factors with 2-3 adjacent zinc fingersand a BTB/POZ domain{2.3.2.1}	1927290	56805	KAISO_MOUSE	Q8BN78
KLF15_MOUSE.H11MO.0.A	Klf15	19	A	0	RRGGMGGRGvnRGGRRdSR	HOCOMOCOv11	ChIP-Seq	0.9518096574323828	0.9983168549891177	4	3	481	Three-zinc finger Krüppel-related factors{2.3.1}	Krüppel-like factors{2.3.1.2}	1929988	66277	KLF15_MOUSE	Q9EPW2
KLF1_MOUSE.H11MO.0.A	Klf1	14	A	0	dGGGYGKGGShbSK	HOCOMOCOv11	ChIP-Seq	0.8927760502763031	0.9820741079087729	5	6	454	Three-zinc finger Krüppel-related factors{2.3.1}	Krüppel-like factors{2.3.1.2}	1342771		KLF1_MOUSE	P46099
KLF3_MOUSE.H11MO.0.A	Klf3	19	A	0	vvvvvdGGGYGGRGbhbbv	HOCOMOCOv11	ChIP-Seq	0.7602416143321309	0.9924964016027614	2	7	498	Three-zinc finger Krüppel-related factors{2.3.1}	Krüppel-like factors{2.3.1.2}	1342773	16599	KLF3_MOUSE	Q60980
KLF4_MOUSE.H11MO.0.A	Klf4	15	A	0	dvvdvWGGGYGKGKM	HOCOMOCOv11	ChIP-Seq	0.9092746898224872	0.9745567710724441	11	34	500	Three-zinc finger Krüppel-related factors{2.3.1}	Krüppel-like factors{2.3.1.2}	1342287	16600	KLF4_MOUSE	Q60793
KLF5_MOUSE.H11MO.0.A	Klf5	15	A	0	dRvvvdGGGYGKGGM	HOCOMOCOv11	ChIP-Seq	0.9425968585787555	0.9847162390757205	32	23	500	Three-zinc finger Krüppel-related factors{2.3.1}	Krüppel-like factors{2.3.1.2}	1338056	12224	KLF5_MOUSE	Q9Z0Z7
KLF6_MOUSE.H11MO.0.B	Klf6	19	B	0	vvvRGGGYGKRGvnbRSvv	HOCOMOCOv11	ChIP-Seq	0.9464495831515612	0.6040748167978591	16	2	498	Three-zinc finger Krüppel-related factors{2.3.1}	Krüppel-like factors{2.3.1.2}	1346318		KLF6_MOUSE	O08584
KLF8_MOUSE.H11MO.0.C	Klf8	9	C	0	CAGGGGGTG	HOCOMOCOv9	Integrative					5	Three-zinc finger Krüppel-related factors{2.3.1}	Krüppel-like factors{2.3.1.2}	2442430	245671	KLF8_MOUSE	Q8BLM0
LEF1_MOUSE.H11MO.0.B	Lef1	14	B	0	bSYTTTSWhnKbhh	HOCOMOCOv11	ChIP-Seq	0.8760749217558853		20		456	TCF-7-related factors{4.1.3}	LEF-1 (TCF-1alpha) [1]{4.1.3.0.4}	96770	16842	LEF1_MOUSE	P27782
LHX2_MOUSE.H11MO.0.A	Lhx2	10	A	0	nhTAATKAGn	HOCOMOCOv11	ChIP-Seq	0.8141864819302432	0.9376743317240885	5	12	501	HD-LIM factors{3.1.5}	Lhx-2-like factors{3.1.5.3}	96785	16870	LHX2_MOUSE	Q9Z0S2
LHX3_MOUSE.H11MO.0.C	Lhx3	9	C	0	nbTAATKRv	HOCOMOCOv11	ChIP-Seq		0.9402365033295355		2	500	HD-LIM factors{3.1.5}	Lhx-3-like factors{3.1.5.4}	102673	16871	LHX3_MOUSE	P50481
LHX6_MOUSE.H11MO.0.C	Lhx6	9	C	0	nYTGATTRv	HOCOMOCOv11	ChIP-Seq	0.5173910635880673	0.9457816742153262	1	2	241	HD-LIM factors{3.1.5}	Lhx-6-like factors{3.1.5.5}	1306803	16874	LHX6_MOUSE	Q9R1R0
LYL1_MOUSE.H11MO.0.A	Lyl1	14	A	0	vMWbMTGYbhYbbb	HOCOMOCOv11	ChIP-Seq	0.852283686197218	0.8078848457613762	23	3	453	Tal-related factors{1.2.3}	Tal / HEN-like factors{1.2.3.1}	96891	17095	LYL1_MOUSE	P27792
MAFB_MOUSE.H11MO.0.B	Mafb	11	B	0	TGCTGAbhhdd	HOCOMOCOv11	ChIP-Seq	0.7049674315746943	0.9525931951876923	5	3	474	Maf-related factors{1.1.3}	Large Maf factors{1.1.3.1}	104555	16658	MAFB_MOUSE	P54841
MAFF_MOUSE.H11MO.0.A	Maff	22	A	0	dRRWnWGCTGASYMRGCddddd	HOCOMOCOv11	ChIP-Seq	0.45145256803103107	0.9569388159516505	2	15	500	Maf-related factors{1.1.3}	Small Maf factors{1.1.3.2}	96910	17133	MAFF_MOUSE	O54791
MAFG_MOUSE.H11MO.0.A	Mafg	18	A	0	ddWWnTGCTGASTCAGCW	HOCOMOCOv11	ChIP-Seq	0.8690279559228823	0.9975065724846368	3	6	430	Maf-related factors{1.1.3}	Small Maf factors{1.1.3.2}	96911	17134	MAFG_MOUSE	O54790
MAFK_MOUSE.H11MO.0.A	Mafk	20	A	0	ddWhbTGCTGASTCAKSdhd	HOCOMOCOv11	ChIP-Seq	0.9770931851666907	0.9880905257412816	12	11	441	Maf-related factors{1.1.3}	Small Maf factors{1.1.3.2}	99951	17135	MAFK_MOUSE	Q61827
MAF_MOUSE.H11MO.0.A	Maf	17	A	0	dhdbTGCTGAbdhhKbh	HOCOMOCOv11	ChIP-Seq	0.846430185977498	0.8533605210586017	10	5	488	Maf-related factors{1.1.3}	Large Maf factors{1.1.3.1}	96909	17132	MAF_MOUSE	P54843
MAX_MOUSE.H11MO.0.A	Max	11	A	0	vvvCACGYGSv	HOCOMOCOv11	ChIP-Seq	0.939008092658481	0.9605493587498355	86	14	505	bHLH-ZIP factors{1.2.6}	Myc / Max factors{1.2.6.5}	96921		MAX_MOUSE	P28574
MAZ_MOUSE.H11MO.0.A	Maz	22	A	0	vRRGGWGGRRSnRRRRRvdvdR	HOCOMOCOv11	ChIP-Seq	0.9508800980364966	0.9609664981065045	3	5	501	Factors with multiple dispersed zinc fingers{2.3.4}	MAZ-like factors{2.3.4.8}	1338823		MAZ_MOUSE	P56671
MBD2_MOUSE.H11MO.0.B	Mbd2	11	B	0	nSGGCCGGMKv	HOCOMOCOv9	Integrative					113			1333813	17191	MBD2_MOUSE	Q9Z2E1
MECP2_MOUSE.H11MO.0.C	Mecp2	7	C	0	SCCGGAG	HOCOMOCOv9	Integrative					122			99918	17257	MECP2_MOUSE	Q9Z2D6
MEF2A_MOUSE.H11MO.0.A	Mef2a	14	A	0	ddYTATTTWWRKhh	HOCOMOCOv11	ChIP-Seq	0.940013896509377	0.9843573013027076	15	6	498	Regulators of differentiation{5.1.1}	MEF-2{5.1.1.1}	99532	17258	MEF2A_MOUSE	Q60929
MEF2C_MOUSE.H11MO.0.A	Mef2c	15	A	0	dddYTATTTWWRKhh	HOCOMOCOv11	ChIP-Seq	0.9560922134976377	0.9293646427730433	6	9	264	Regulators of differentiation{5.1.1}	MEF-2{5.1.1.1}	99458	17260	MEF2C_MOUSE	Q8CFN5
MEF2D_MOUSE.H11MO.0.A	Mef2d	14	A	0	dKYTATTTWTAKhh	HOCOMOCOv11	ChIP-Seq	0.8117341070621057	0.9701482212689309	2	27	500	Regulators of differentiation{5.1.1}	MEF-2{5.1.1.1}	99533	17261	MEF2D_MOUSE	Q63943
MEIS1_MOUSE.H11MO.0.A	Meis1	12	A	0	dTGATWdATddb	HOCOMOCOv11	ChIP-Seq	0.8163985059303714	0.9454270055056839	2	37	499	TALE-type homeo domain factors{3.1.4}	MEIS{3.1.4.2}	104717	17268	MEIS1_MOUSE	Q60954
MEIS2_MOUSE.H11MO.0.B	Meis2	13	B	0	hTGACAGbTKTbv	HOCOMOCOv9	Integrative					413	TALE-type homeo domain factors{3.1.4}	MEIS{3.1.4.2}	108564	17536	MEIS2_MOUSE	P97367
MITF_MOUSE.H11MO.0.A	Mitf	10	A	0	bChYGTGMYh	HOCOMOCOv11	ChIP-Seq	0.9957576734925564	0.8350890002994752	28	3	501	bHLH-ZIP factors{1.2.6}	TFE3-like factors{1.2.6.1}	104554	17342	MITF_MOUSE	Q08874
MSGN1_MOUSE.H11MO.0.C	Msgn1	12	C	0	nCCATTTGKYhh	HOCOMOCOv11	ChIP-Seq		0.9985760110548922		4	500	Tal-related factors{1.2.3}	Mesp-like factors{1.2.3.3}	1860483	56184	MSGN1_MOUSE	Q9JK54
MTF1_MOUSE.H11MO.0.C	Mtf1	17	C	0	vGKRMCGKGTGCAdMdb	HOCOMOCOv9	Integrative					33	More than 3 adjacent zinc finger factors{2.3.3}	MTF1-like factors{2.3.3.24}	101786	17764	MTF1_MOUSE	Q07243
MXI1_MOUSE.H11MO.0.A	Mxi1	15	A	0	vCACRYGKvnSbbbv	HOCOMOCOv10	ChIP-Seq	0.8781263876241057	0.972814061536073	10	5	500	bHLH-ZIP factors{1.2.6}	Mad-like factors{1.2.6.7}	97245	17859	MXI1_MOUSE	P50540
MYBA_MOUSE.H11MO.0.C	Mybl1	15	C	0	vbbGRCvGTTRvnvv	HOCOMOCOv11	ChIP-Seq	0.5329502275076313	0.8967111197275696	3	2	500	Myb/SANT domain factors{3.5.1}	Myb-like factors{3.5.1.1}	99925	17864	MYBA_MOUSE	P51960
MYB_MOUSE.H11MO.0.A	Myb	12	A	0	dvdKRCvGTTRv	HOCOMOCOv11	ChIP-Seq	0.8302982263997116	0.9335696816418546	27	9	500	Myb/SANT domain factors{3.5.1}	Myb-like factors{3.5.1.1}	97249	17863	MYB_MOUSE	P06876
MYCN_MOUSE.H11MO.0.A	Mycn	8	A	0	SCRCGTGK	HOCOMOCOv11	ChIP-Seq	0.896678580918821	0.9277055131234568	32	10	508	bHLH-ZIP factors{1.2.6}	Myc / Max factors{1.2.6.5}	97357	18109	MYCN_MOUSE	P03966
MYC_MOUSE.H11MO.0.A	Myc	12	A	0	vvMCWCGTGSbS	HOCOMOCOv11	ChIP-Seq	0.9166259087805221	0.9566353453755897	265	126	501	bHLH-ZIP factors{1.2.6}	Myc / Max factors{1.2.6.5}	97250	17869	MYC_MOUSE	P01108
MYF6_MOUSE.H11MO.0.C	Myf6	7	C	0	CAGCTGC	HOCOMOCOv9	Integrative					9	MyoD / ASC-related factors{1.2.2}	Myogenic transcription factors{1.2.2.1}	97253	17878	MYF6_MOUSE	P15375
MYOD1_MOUSE.H11MO.0.A	Myod1	15	A	0	vCASCTGYYnYhvbb	HOCOMOCOv11	ChIP-Seq	0.985006035820929	0.9935889443614921	9	63	501	MyoD / ASC-related factors{1.2.2}	Myogenic transcription factors{1.2.2.1}	97275	17927	MYOD1_MOUSE	P10085
MYOG_MOUSE.H11MO.0.A	Myog	13	A	0	bhvCAGCTGYYhb	HOCOMOCOv11	ChIP-Seq		0.9942491410914277		20	500	MyoD / ASC-related factors{1.2.2}	Myogenic transcription factors{1.2.2.1}	97276	17928	MYOG_MOUSE	P12979
NANOG_MOUSE.H11MO.0.A	Nanog	17	A	0	bbYWTTSWnWTKYWRAd	HOCOMOCOv11	ChIP-Seq	0.9138255698355989	0.9385531747250623	15	38	500	NK-related factors{3.1.2}	NANOG{3.1.2.12}	1919200	71950	NANOG_MOUSE	Q80Z64
NDF1_MOUSE.H11MO.0.A	Neurod1	10	A	0	RRCAGMTGGb	HOCOMOCOv11	ChIP-Seq	0.9457481014030519	0.9521375814100388	5	2	503	Tal-related factors{1.2.3}	Neurogenin / Atonal-like factors{1.2.3.4}	1339708	18012	NDF1_MOUSE	Q60867
NDF2_MOUSE.H11MO.0.A	Neurod2	10	A	0	RRCAGATGGb	HOCOMOCOv11	ChIP-Seq	0.5427951857109184	0.9606410205876408	2	21	503	Tal-related factors{1.2.3}	Neurogenin / Atonal-like factors{1.2.3.4}	107755	18013	NDF2_MOUSE	Q62414
NF2L1_MOUSE.H11MO.0.C	Nfe2l1	7	C	0	hRTCAYn	HOCOMOCOv9	Integrative					115	Jun-related factors{1.1.1}	NF-E2-like factors{1.1.1.2}	99421	18023	NF2L1_MOUSE	Q61985
NF2L2_MOUSE.H11MO.0.A	Nfe2l2	14	A	0	RTGASWhRGCWddh	HOCOMOCOv11	ChIP-Seq	0.8938926237707717	0.9860424975464832	5	26	478	Jun-related factors{1.1.1}	NF-E2-like factors{1.1.1.2}	108420	18024	NF2L2_MOUSE	Q60795
NFAC1_MOUSE.H11MO.0.A	Nfatc1	15	A	0	WGGAAAndnTKWvhM	HOCOMOCOv11	ChIP-Seq	0.714129052684469	0.9551028012030293	7	8	445	NFAT-related factors{6.1.3}	NFATc1{6.1.3.0.1}	102469		NFAC1_MOUSE	O88942
NFAC2_MOUSE.H11MO.0.C	Nfatc2	9	C	0	dGGAAAWhb	HOCOMOCOv9	Integrative		0.9152590562354646		4	87	NFAT-related factors{6.1.3}	NFATc2 (NFATp, NFAT1){6.1.3.0.2}	102463	18019	NFAC2_MOUSE	Q60591
NFAC3_MOUSE.H11MO.0.B	Nfatc3	9	B	0	hGGAAAAhY	HOCOMOCOv9	Integrative					18	NFAT-related factors{6.1.3}	NFATc3 (NFATx, NFAT4){6.1.3.0.3}	103296		NFAC3_MOUSE	P97305
NFAC4_MOUSE.H11MO.0.C	Nfatc4	10	C	0	dGGAAARhdW	HOCOMOCOv9	Integrative					19	NFAT-related factors{6.1.3}	NFATc4 (NFAT3){6.1.3.0.4}	1920431	73181	NFAC4_MOUSE	Q8K120
NFE2_MOUSE.H11MO.0.A	Nfe2	14	A	0	RTGASTCAGCAddh	HOCOMOCOv11	ChIP-Seq	0.9049705207698087	0.9922229156117632	17	9	500	Jun-related factors{1.1.1}	NF-E2-like factors{1.1.1.2}	97308	18022	NFE2_MOUSE	Q07279
NFIA_MOUSE.H11MO.0.C	Nfia	15	C	0	hTGGShnGnhKCCWd	HOCOMOCOv9	Integrative					233	Nuclear factor 1{7.1.2}	NF-1A (NF-IA){7.1.2.0.1}	108056	18027	NFIA_MOUSE	Q02780
NFIB_MOUSE.H11MO.0.C	Nfib	9	C	0	YYTGGCWbv	HOCOMOCOv11	ChIP-Seq	0.5955393746170741	0.8321934477720166	2	2	500	Nuclear factor 1{7.1.2}	NF-1B{7.1.2.0.2}	103188	18028	NFIB_MOUSE	P97863
NFIC_MOUSE.H11MO.0.A	Nfic	9	A	0	bbTTGGCWb	HOCOMOCOv11	ChIP-Seq	0.9324213129366734	0.8310862824314239	18	1	500	Nuclear factor 1{7.1.2}	NF-1C{7.1.2.0.3}	109591	18029	NFIC_MOUSE	P70255
NFIL3_MOUSE.H11MO.0.C	Nfil3	11	C	0	dvTTATGYAAb	HOCOMOCOv11	ChIP-Seq	0.5426051114620943	0.8689319462185147	2	2	501	C/EBP-related{1.1.8}	PAR factors{1.1.8.2}	109495	18030	NFIL3_MOUSE	O08750
NFKB1_MOUSE.H11MO.0.A	Nfkb1	11	A	0	GGGAAAbYCCC	HOCOMOCOv11	ChIP-Seq	0.72636228409042	0.9525950040482972	7	16	503	NF-kappaB-related factors{6.1.1}	NF-kappaB p50 subunit-like factors{6.1.1.1}	97312	18033	NFKB1_MOUSE	P25799
NFKB2_MOUSE.H11MO.0.C	Nfkb2	11	C	0	KGGRAAdYCCC	HOCOMOCOv11	ChIP-Seq	0.9765240142890848		4		500	NF-kappaB-related factors{6.1.1}	NF-kappaB p50 subunit-like factors{6.1.1.1}	1099800	18034	NFKB2_MOUSE	Q9WTK5
NFYA_MOUSE.H11MO.0.A	Nfya	14	A	0	bbRRCCAATSRvMR	HOCOMOCOv11	ChIP-Seq	0.9820596491983105	0.9600517530107797	19	14	500	Heteromeric CCAAT-binding factors{4.2.1}	NF-YA (CP1A, CBF-B){4.2.1.0.1}	97316	18044	NFYA_MOUSE	P23708
NFYB_MOUSE.H11MO.0.A	Nfyb	13	A	0	bRRCCAATSRSvd	HOCOMOCOv9	Integrative	0.9870173483292672	0.9968484148099602	4	4	1163	Heteromeric CCAAT-binding factors{4.2.1}	NF-YB (CP1B, CBF-A){4.2.1.0.2}	97317	18045	NFYB_MOUSE	P63139
NFYC_MOUSE.H11MO.0.B	Nfyc	14	B	0	bbRRCCAATSRRMR	HOCOMOCOv11	ChIP-Seq	0.6945516002236602	0.9936508813348351	4	4	500	Heteromeric CCAAT-binding factors{4.2.1}	NF-YC{4.2.1.0.3}	107901	18046	NFYC_MOUSE	P70353
NGN2_MOUSE.H11MO.0.C	Neurog2	12	C	0	vbRRCAGATGKb	HOCOMOCOv11	ChIP-Seq		0.9766040197220972		4	206	Tal-related factors{1.2.3}	Neurogenin / Atonal-like factors{1.2.3.4}	109619	11924	NGN2_MOUSE	P70447
NKX21_MOUSE.H11MO.0.A	Nkx2-1	10	A	0	bbWKGAGWGb	HOCOMOCOv11	ChIP-Seq	0.9234991641054136	0.9203774006030857	14	9	500	NK-related factors{3.1.2}	NK-2.1{3.1.2.14}	108067	21869	NKX21_MOUSE	P50220
NKX22_MOUSE.H11MO.0.A	Nkx2-2	11	A	0	bTbRAGWGbbb	HOCOMOCOv11	ChIP-Seq	0.3988241996741206	0.8199932619202672	2	5	500	NK-related factors{3.1.2}	NK-2.2{3.1.2.15}	97347	18088	NKX22_MOUSE	P42586
NKX25_MOUSE.H11MO.0.A	Nkx2-5	10	A	0	nbYbRAGWGS	HOCOMOCOv11	ChIP-Seq	0.6122130780007764	0.8958922095447284	2	7	500	NK-related factors{3.1.2}	NK-4{3.1.2.17}	97350	18091	NKX25_MOUSE	P42582
NKX28_MOUSE.H11MO.0.C	Nkx2-8	9	C	0	bTCAAGGAb	HOCOMOCOv9	Integrative					6	NK-related factors{3.1.2}	NK-2.2{3.1.2.15}	1270158	18094	NKX28_MOUSE	O70584
NKX31_MOUSE.H11MO.0.C	Nkx3-1	12	C	0	nbdRAGTGbYWd	HOCOMOCOv11	ChIP-Seq	0.7915497823777903	0.6618795395212416	11	10	501	NK-related factors{3.1.2}	NK-3{3.1.2.16}	97352	18095	NKX31_MOUSE	P97436
NKX32_MOUSE.H11MO.0.B	Nkx3-2	10	B	0	WTAAGTGbhh	HOCOMOCOv11	ChIP-Seq		0.9824783969923785		6	501	NK-related factors{3.1.2}	NK-3{3.1.2.16}	108015	12020	NKX32_MOUSE	P97503
NKX61_MOUSE.H11MO.0.A	Nkx6-1	19	A	0	MhWdATKdvhWWWWRAWdd	HOCOMOCOv11	ChIP-Seq	0.37897494451616043	0.9530445614810763	3	8	498	NK-related factors{3.1.2}	NK-6{3.1.2.19}	1206039	18096	NKX61_MOUSE	Q99MA9
NOBOX_MOUSE.H11MO.0.C	Nobox	9	C	0	hTAATTGvb	HOCOMOCOv9	Integrative					66			108011	18291	NOBOX_MOUSE	Q8VIH1
NR1D1_MOUSE.H11MO.0.A	Nr1d1	19	A	0	dRvnMWbWGKGdMAvdddv	HOCOMOCOv11	ChIP-Seq	0.614641363476417	0.8826196495813249	1	53	501	Thyroid hormone receptor-related factors (NR1){2.1.2}	Rev-ErbA (NR1D){2.1.2.3}	2444210	217166	NR1D1_MOUSE	Q3UV55
NR1D2_MOUSE.H11MO.0.A	Nr1d2	19	A	0	dvRdMWvKRRGKCAvdvdd	HOCOMOCOv11	ChIP-Seq		0.8919193161268264		12	500	Thyroid hormone receptor-related factors (NR1){2.1.2}	Rev-ErbA (NR1D){2.1.2.3}	2449205	353187	NR1D2_MOUSE	Q60674
NR1H3_MOUSE.H11MO.0.A	Nr1h3	15	A	0	vdRdnMMRAGKYCAb	HOCOMOCOv11	ChIP-Seq	0.6062955864688495	0.8964644592200175	13	10	500	Thyroid hormone receptor-related factors (NR1){2.1.2}	LXR (NR1H){2.1.2.7}	1352462	22259	NR1H3_MOUSE	Q9Z0Y9
NR1H4_MOUSE.H11MO.0.A	Nr1h4	19	A	0	vRGKKSRvYGdCCbbbvGK	HOCOMOCOv11	ChIP-Seq		0.9255909330696637		15	451	Thyroid hormone receptor-related factors (NR1){2.1.2}	LXR (NR1H){2.1.2.7}	1352464	20186	NR1H4_MOUSE	Q60641
NR1I2_MOUSE.H11MO.0.C	Nr1i2	19	C	0	ddRRSTYARnnRAGKTCAb	HOCOMOCOv9	Integrative					29	Thyroid hormone receptor-related factors (NR1){2.1.2}	Vitamin D receptor (NR1I){2.1.2.4}	1337040	18171	NR1I2_MOUSE	O54915
NR1I3_MOUSE.H11MO.0.C	Nr1i3	18	C	0	RRGSTCAvvvRAGKWYRd	HOCOMOCOv9	Integrative					28	Thyroid hormone receptor-related factors (NR1){2.1.2}	Vitamin D receptor (NR1I){2.1.2.4}	1346307	12355	NR1I3_MOUSE	O35627
NR2C1_MOUSE.H11MO.0.C	Nr2c1	13	C	0	RbYvARAGGTCAn	HOCOMOCOv9	Integrative					19	RXR-related receptors (NR2){2.1.3}	Testicular receptors (NR2C){2.1.3.4}	1352465	22025	NR2C1_MOUSE	Q505F1
NR2C2_MOUSE.H11MO.0.A	Nr2c2	13	A	0	RRSbSARAGGKMR	HOCOMOCOv9	Integrative					2062	RXR-related receptors (NR2){2.1.3}	Testicular receptors (NR2C){2.1.3.4}	1352466	22026	NR2C2_MOUSE	P49117
NR2E3_MOUSE.H11MO.0.C	Nr2e3	14	C	0	nAAKTCAAAARKMM	HOCOMOCOv9	Integrative					23	RXR-related receptors (NR2){2.1.3}	Tailless-like receptors (NR2E){2.1.3.3}	1346317	23958	NR2E3_MOUSE	Q9QXZ7
NR4A1_MOUSE.H11MO.0.B	Nr4a1	9	B	0	dRARdGbMA	HOCOMOCOv11	ChIP-Seq	0.9030505035988935	0.6311689301112023	12	2	499	NGFI-B-related receptors (NR4){2.1.4}	NGFI-B  (Nur77, NR4A1){2.1.4.0.1}	1352454	15370	NR4A1_MOUSE	P12813
NR4A2_MOUSE.H11MO.0.C	Nr4a2	9	C	0	RAAGGTCAv	HOCOMOCOv9	Integrative					33	NGFI-B-related receptors (NR4){2.1.4}	NURR1  (NR4A2){2.1.4.0.2}	1352456	18227	NR4A2_MOUSE	Q06219
NR5A2_MOUSE.H11MO.0.A	Nr5a2	11	A	0	dbYCAAGGYCR	HOCOMOCOv11	ChIP-Seq	0.5374059974277926	0.9574032670349721	4	8	500	FTZ-F1-related receptors (NR5){2.1.5}	LRH-1 (NR5A2){2.1.5.0.2}	1346834	26424	NR5A2_MOUSE	P45448
NRF1_MOUSE.H11MO.0.A	Nrf1	17	A	0	YdvYGCGCMKGCGCvvv	HOCOMOCOv11	ChIP-Seq	0.9987595590527586	0.9973324837389831	31	23	500	NRF{0.0.6}	NRF-1 (alpha-pal){0.0.6.0.1}	1332235	18181	NRF1_MOUSE	Q9WU00
OLIG2_MOUSE.H11MO.0.A	Olig2	18	A	0	MCAKCTGYYbbbhdbhhb	HOCOMOCOv11	ChIP-Seq		0.9253615100318717		19	500	Tal-related factors{1.2.3}	Neurogenin / Atonal-like factors{1.2.3.4}	1355331	50913	OLIG2_MOUSE	Q9EQW6
OTX2_MOUSE.H11MO.0.A	Otx2	12	A	0	dvddRGGATTAd	HOCOMOCOv11	ChIP-Seq	0.8474218235387033	0.9038058397609804	5	18	500	Paired-related HD factors{3.1.3}	OTX{3.1.3.17}	97451		OTX2_MOUSE	P80206
OVOL1_MOUSE.H11MO.0.C	Ovol1	9	C	0	KGTAACKGT	HOCOMOCOv9	Integrative					7	More than 3 adjacent zinc finger factors{2.3.3}	OVOL-factors{2.3.3.17}	1330290	18426	OVOL1_MOUSE	Q9WTJ2
OVOL2_MOUSE.H11MO.0.C	Ovol2	8	C	0	dTAACGGd	HOCOMOCOv11	ChIP-Seq	0.45318832005712356	0.9517011765207003	2	2	197	More than 3 adjacent zinc finger factors{2.3.3}	OVOL-factors{2.3.3.17}	1338039	107586	OVOL2_MOUSE	Q8CIV7
P53_MOUSE.H11MO.0.A	Tp53	20	A	0	RRRCAWGYMYRGRCWdRhMh	HOCOMOCOv11	ChIP-Seq	0.9946412783587992	0.9876582185642943	141	39	498	p53-related factors{6.3.1}	p53{6.3.1.0.1}	98834	22059	P53_MOUSE	P02340
P63_MOUSE.H11MO.0.B	Tp63	19	B	0	dRCRWGYhCWRRCWKGYhb	HOCOMOCOv11	ChIP-Seq	0.9963451944574002		79		500	p53-related factors{6.3.1}	p63{6.3.1.0.2}	1330810	22061	P63_MOUSE	O88898
P73_MOUSE.H11MO.0.B	Tp73	19	B	0	dddCWWGYYMMdRCWdGYh	HOCOMOCOv11	ChIP-Seq	0.9963702372799416		10		500	p53-related factors{6.3.1}	p73{6.3.1.0.3}	1336991	22062	P73_MOUSE	Q9JJP2
PAX5_MOUSE.H11MO.0.A	Pax5	19	A	0	vdRnKYRvYvRdGCRdRRM	HOCOMOCOv11	ChIP-Seq	0.943565259217625	0.8607994355436664	32	8	500	Paired domain only{3.2.2}	PAX-2-like factors (partial homeobox){3.2.2.2}	97489	18507	PAX5_MOUSE	Q02650
PAX6_MOUSE.H11MO.0.C	Pax6	12	C	0	WYMYRCWTSRnT	HOCOMOCOv11	ChIP-Seq	0.7494079589912269	0.7341201666331708	6	8	500	Paired plus homeo domain{3.2.1}	PAX-4/6{3.2.1.2}	97490	18508	PAX6_MOUSE	P63015
PBX1_MOUSE.H11MO.0.A	Pbx1	11	A	0	WGAKTGRCRKv	HOCOMOCOv11	ChIP-Seq	0.8580007945268618	0.9024659608449436	2	36	500	TALE-type homeo domain factors{3.1.4}	PBX{3.1.4.4}	97495	18514	PBX1_MOUSE	P41778
PBX2_MOUSE.H11MO.0.C	Pbx2	15	C	0	KvMhKTGATTGWWKb	HOCOMOCOv9	Integrative					19	TALE-type homeo domain factors{3.1.4}	PBX{3.1.4.4}	1341793	18515	PBX2_MOUSE	O35984
PBX3_MOUSE.H11MO.0.A	Pbx3	14	A	0	bbbYSATTGGYddv	HOCOMOCOv9	Integrative					1885	TALE-type homeo domain factors{3.1.4}	PBX{3.1.4.4}	97496	18516	PBX3_MOUSE	O35317
PDX1_MOUSE.H11MO.0.B	Pdx1	9	B	0	vYTAATGRb	HOCOMOCOv11	ChIP-Seq	0.7524590108214946	0.8952755559110801	10	4	500	HOX-related factors{3.1.1}	PDX{3.1.1.15}	102851	18609	PDX1_MOUSE	P52946
PEBB_MOUSE.H11MO.0.C	Cbfb	11	C	0	YbTGTGGTYdb	HOCOMOCOv9	Integrative					23			99851	12400	PEBB_MOUSE	Q08024
PIT1_MOUSE.H11MO.0.C	Pou1f1	13	C	0	bWMWTGvAWATWh	HOCOMOCOv9	Integrative					39	POU domain factors{3.1.10}	POU1 (Pit-1-like factors){3.1.10.1}	97588	18736	PIT1_MOUSE	Q00286
PITX1_MOUSE.H11MO.0.C	Pitx1	10	C	0	dRGGATTAdv	HOCOMOCOv11	ChIP-Seq	0.528901920069197	0.8751814064966124	2	4	196	Paired-related HD factors{3.1.3}	PITX{3.1.3.19}	107374	18740	PITX1_MOUSE	P70314
PKNX1_MOUSE.H11MO.0.A	Pknox1	11	A	0	WGAbKGRCRSv	HOCOMOCOv11	ChIP-Seq		0.9673791552090969		19	480	TALE-type homeo domain factors{3.1.4}	PKNOX{3.1.4.5}	1201409	18771	PKNX1_MOUSE	O70477
PO2F1_MOUSE.H11MO.0.C	Pou2f1	16	C	0	RnKbvhATGSAAWhRh	HOCOMOCOv11	ChIP-Seq	0.7658003841988124	0.6687920144365399	15	14	134	POU domain factors{3.1.10}	POU2 (Oct-1/2-like factors){3.1.10.2}	101898	18986	PO2F1_MOUSE	P25425
PO2F2_MOUSE.H11MO.0.B	Pou2f2	11	B	0	dhATGCAWAKd	HOCOMOCOv11	ChIP-Seq	0.9190352396422009		14		501	POU domain factors{3.1.10}	POU2 (Oct-1/2-like factors){3.1.10.2}	101897	18987	PO2F2_MOUSE	Q00196
PO3F1_MOUSE.H11MO.0.C	Pou3f1	16	C	0	bWhATKMAWAWKbMdd	HOCOMOCOv11	ChIP-Seq		0.7887281982815049		10	500	POU domain factors{3.1.10}	POU3 (Oct-6-like factors){3.1.10.3}	101896	18991	PO3F1_MOUSE	P21952
PO3F2_MOUSE.H11MO.0.A	Pou3f2	16	A	0	hhYATGMATAWKYAWd	HOCOMOCOv11	ChIP-Seq	0.787907294597432	0.9434808827327713	12	22	500	POU domain factors{3.1.10}	POU3 (Oct-6-like factors){3.1.10.3}	101895	18992	PO3F2_MOUSE	P31360
PO5F1_MOUSE.H11MO.0.A	Pou5f1	16	A	0	bYWTTSWhATGYWRAW	HOCOMOCOv11	ChIP-Seq	0.9801812174276552	0.9851786433369675	44	119	499	POU domain factors{3.1.10}	POU5 (Oct-3/4-like factors){3.1.10.5}	101893	18999	PO5F1_MOUSE	P20263
PPARA_MOUSE.H11MO.0.A	Ppara	17	A	0	hWbWRdGbvARAGGKbR	HOCOMOCOv11	ChIP-Seq	0.5847439939549047	0.957643320689455	5	20	500	Thyroid hormone receptor-related factors (NR1){2.1.2}	PPAR (NR1C){2.1.2.5}	104740	19013	PPARA_MOUSE	P23204
PPARG_MOUSE.H11MO.0.A	Pparg	17	A	0	hWbhRKGbSARAGGKhR	HOCOMOCOv11	ChIP-Seq	0.9585485721171688	0.9598681438621917	53	114	500	Thyroid hormone receptor-related factors (NR1){2.1.2}	PPAR (NR1C){2.1.2.5}	97747	19016	PPARG_MOUSE	P37238
PRD14_MOUSE.H11MO.0.A	Prdm14	16	A	0	vddSKTAGRGMMYhdb	HOCOMOCOv11	ChIP-Seq	0.858384837396326	0.927754403177758	7	11	500	More than 3 adjacent zinc finger factors{2.3.3}	unclassified{2.3.3.0}	3588194	383491	PRD14_MOUSE	E9Q3T6
PRD16_MOUSE.H11MO.0.B	Prdm16	10	B	0	bCCCAGRGvv	HOCOMOCOv11	ChIP-Seq		0.8783153247403384		3	501	Factors with multiple dispersed zinc fingers{2.3.4}	Evi-1-like factors{2.3.4.14}	1917923	70673	PRD16_MOUSE	A2A935
PRDM1_MOUSE.H11MO.0.A	Prdm1	14	A	0	RRRAGdGAAAGKdv	HOCOMOCOv11	ChIP-Seq	0.9593838511976189	0.9624628919050592	12	9	502	More than 3 adjacent zinc finger factors{2.3.3}	PRDM1-like factors{2.3.3.12}	99655	12142	PRDM1_MOUSE	Q60636
PRDM5_MOUSE.H11MO.0.A	Prdm5	15	A	0	vvdGGWGvdSvdGKh	HOCOMOCOv11	ChIP-Seq		0.9517914165007095		12	500	More than 3 adjacent zinc finger factors{2.3.3}	unclassified{2.3.3.0}	1918029	70779	PRDM5_MOUSE	Q9CXE0
PRDM9_MOUSE.H11MO.0.C	Prdm9	19	C	0	hRnddGGYAGYAvCWbCWb	HOCOMOCOv11	ChIP-Seq		0.9194999498255332		4	490	Factors with multiple dispersed zinc fingers{2.3.4}	unclassified{2.3.4.0}	2384854		PRDM9_MOUSE	Q96EQ9
PRGR_MOUSE.H11MO.0.A	Pgr	15	A	0	RGdACAvAvWGThCY	HOCOMOCOv11	ChIP-Seq	0.961874610137618	0.9753742776697585	51	15	500	Steroid hormone receptors (NR3){2.1.1}	GR-like receptors (NR3C){2.1.1.1}	97567		PRGR_MOUSE	Q00175
PROP1_MOUSE.H11MO.0.C	Prop1	11	C	0	WAATKGvRTTW	HOCOMOCOv11	ChIP-Seq		0.9211137704758816		3	500	Paired-related HD factors{3.1.3}	PROP{3.1.3.20}	109330	19127	PROP1_MOUSE	P97458
PRRX2_MOUSE.H11MO.0.C	Prrx2	7	C	0	hTAATTR	HOCOMOCOv9	Integrative					65	Paired-related HD factors{3.1.3}	PRRX{3.1.3.21}	98218	20204	PRRX2_MOUSE	Q06348
PTF1A_MOUSE.H11MO.0.A	Ptf1a	18	A	0	vCAGCTGbbnbbbbYYhv	HOCOMOCOv11	ChIP-Seq		0.963306690333155		20	500	Tal-related factors{1.2.3}	Twist-like factors{1.2.3.2}	1328312	19213	PTF1A_MOUSE	Q9QX98
RARA_MOUSE.H11MO.0.A	Rara	20	A	0	RRdYYRdRAGKTCAAGGWSR	HOCOMOCOv11	ChIP-Seq	0.753328187264353	0.9061447540235525	29	32	447	Thyroid hormone receptor-related factors (NR1){2.1.2}	Retinoic acid receptors (NR1B){2.1.2.1}	97856	19401	RARA_MOUSE	P11416
RARG_MOUSE.H11MO.0.C	Rarg	18	C	0	RRGTCAvvvhSvMMbddv	HOCOMOCOv11	ChIP-Seq	0.8268900357802218		12		500	Thyroid hormone receptor-related factors (NR1){2.1.2}	Retinoic acid receptors (NR1B){2.1.2.1}	97858	19411	RARG_MOUSE	P18911
RELB_MOUSE.H11MO.0.C	Relb	12	C	0	vRGGGMTTTSMh	HOCOMOCOv9	Integrative					28	NF-kappaB-related factors{6.1.1}	NF-kappaB p65 subunit-like factors{6.1.1.2}	103289	19698	RELB_MOUSE	Q04863
REL_MOUSE.H11MO.0.A	Rel	15	A	0	dvhdGGGRAWKbMSW	HOCOMOCOv11	ChIP-Seq		0.9210502853360392		11	178	NF-kappaB-related factors{6.1.1}	NF-kappaB p65 subunit-like factors{6.1.1.2}	97897		REL_MOUSE	P15307
REST_MOUSE.H11MO.0.A	Rest	22	A	0	dYCAGSACCdhGGACAGMdSMh	HOCOMOCOv11	ChIP-Seq	0.9904588264645774	0.9821234275302275	147	33	378	Factors with multiple dispersed zinc fingers{2.3.4}	unclassified{2.3.4.0}	104897	19712	REST_MOUSE	Q8VIG1
RFX1_MOUSE.H11MO.0.A	Rfx1	22	A	0	bbbbSbGTTGCCWdGGvvMSvv	HOCOMOCOv10	ChIP-Seq	0.7120360030425308	0.9945631374271083	3	7	457	RFX-related factors{3.3.3}	RFX1 (EF-C){3.3.3.0.1}	105982	19724	RFX1_MOUSE	P48377
RFX2_MOUSE.H11MO.0.A	Rfx2	22	A	0	vbSnGTYRYYdKGGvRMYvdvn	HOCOMOCOv11	ChIP-Seq	0.9372216425868887	0.9974339507354983	7	7	132	RFX-related factors{3.3.3}	RFX2{3.3.3.0.2}	106583	19725	RFX2_MOUSE	P48379
RFX3_MOUSE.H11MO.0.C	Rfx3	16	C	0	SbGTTGCCWKGGvRAC	HOCOMOCOv11	ChIP-Seq		0.9894171641236561		2	351	RFX-related factors{3.3.3}	RFX3{3.3.3.0.3}	106582	19726	RFX3_MOUSE	P48381
RFX6_MOUSE.H11MO.0.C	Rfx6	11	C	0	bdGYWKCYnKG	HOCOMOCOv11	ChIP-Seq		0.9984861252152191		3	501	RFX-related factors{3.3.3}	RFX6 (RFXDC-1){3.3.3.0.6}	2445208	320995	RFX6_MOUSE	Q8C7R7
RORA_MOUSE.H11MO.0.C	Rora	13	C	0	vhbdRGGbCAvdR	HOCOMOCOv11	ChIP-Seq	0.6818119903270871	0.787508102301955	2	5	500	Thyroid hormone receptor-related factors (NR1){2.1.2}	ROR (NR1F){2.1.2.6}	104661	19883	RORA_MOUSE	P51448
RORG_MOUSE.H11MO.0.B	Rorc	12	B	0	vdRWSTRRGKCA	HOCOMOCOv11	ChIP-Seq		0.9102370979382033		19	500	Thyroid hormone receptor-related factors (NR1){2.1.2}	ROR (NR1F){2.1.2.6}	104856	19885	RORG_MOUSE	P51450
RUNX1_MOUSE.H11MO.0.A	Runx1	12	A	0	bbYTGTGGTYWb	HOCOMOCOv11	ChIP-Seq	0.963377801537928	0.984345217844895	115	63	500	Runt-related factors{6.4.1}	Runx1 (PEBP2alphaB, CBF-alpha2, AML-1){6.4.1.0.2}	99852		RUNX1_MOUSE	Q03347
RUNX2_MOUSE.H11MO.0.A	Runx2	12	A	0	bbYTGTGGYYdb	HOCOMOCOv11	ChIP-Seq	0.837304939922188	0.9270742494961476	3	25	501	Runt-related factors{6.4.1}	Runx2 (PEBP2alphaA, CBF-alpha1){6.4.1.0.1}	99829	12393	RUNX2_MOUSE	Q08775
RUNX3_MOUSE.H11MO.0.A	Runx3	12	A	0	bbhTGTGGTYdb	HOCOMOCOv11	ChIP-Seq	0.9963226232190954	0.9750655792084715	2	27	500	Runt-related factors{6.4.1}	Runx3 (PEBP2alphaC, CBF-alpha3, AML-2){6.4.1.0.3}	102672		RUNX3_MOUSE	Q64131
RXRA_MOUSE.H11MO.0.A	Rxra	21	A	0	ddvdbvvdRAGKTCARGGbYR	HOCOMOCOv11	ChIP-Seq	0.7823501986161121	0.942508486061596	52	158	499	RXR-related receptors (NR2){2.1.3}	Retinoid X receptors (NR2B){2.1.3.1}	98214	20181	RXRA_MOUSE	P28700
RXRB_MOUSE.H11MO.0.C	Rxrb	10	C	0	WSAGGTCAbd	HOCOMOCOv9	Integrative					30	RXR-related receptors (NR2){2.1.3}	Retinoid X receptors (NR2B){2.1.3.1}	98215	20182	RXRB_MOUSE	P28704
RXRG_MOUSE.H11MO.0.B	Rxrg	22	B	0	vddvdbbvdRAGKTCAAGGYYW	HOCOMOCOv11	ChIP-Seq		0.9519873420031323		7	281	RXR-related receptors (NR2){2.1.3}	Retinoid X receptors (NR2B){2.1.3.1}	98216	20183	RXRG_MOUSE	P28705
SALL4_MOUSE.H11MO.0.A	Sall4	10	A	0	dvdGGGWGKG	HOCOMOCOv11	ChIP-Seq	0.723890186868795	0.9238028020224335	1	21	500	Factors with multiple dispersed zinc fingers{2.3.4}	Sal-like factors{2.3.4.3}	2139360	99377	SALL4_MOUSE	Q8BX22
SIX2_MOUSE.H11MO.0.A	Six2	14	A	0	KGWAAYhYRAbMYb	HOCOMOCOv11	ChIP-Seq	0.9627827743242434	0.9460781743789703	18	9	500	HD-SINE factors{3.1.6}	SIX1-like factors{3.1.6.1}	102778	20472	SIX2_MOUSE	Q62232
SIX4_MOUSE.H11MO.0.C	Six4	14	C	0	dGdMAbhdSAvhbb	HOCOMOCOv11	ChIP-Seq		0.9118521334514325		4	487	HD-SINE factors{3.1.6}	SIX4-like factors{3.1.6.3}	106034	20474	SIX4_MOUSE	Q61321
SMAD2_MOUSE.H11MO.0.A	Smad2	9	A	0	dvTGYCTGb	HOCOMOCOv11	ChIP-Seq	0.8030958492989805	0.8851172283139844	17	26	500	SMAD factors{7.1.1}	Regulatory Smads (R-Smad){7.1.1.1}	108051	17126	SMAD2_MOUSE	Q62432
SMAD3_MOUSE.H11MO.0.B	Smad3	12	B	0	vbYTShCWSCWb	HOCOMOCOv11	ChIP-Seq	0.8064247264509777	0.7065331899900795	34	30	500	SMAD factors{7.1.1}	Regulatory Smads (R-Smad){7.1.1.1}	1201674	17127	SMAD3_MOUSE	Q8BUN5
SMAD4_MOUSE.H11MO.0.A	Smad4	12	A	0	vWGbCTvnChSh	HOCOMOCOv11	ChIP-Seq	0.8351099836355966	0.8727284382736589	24	3	489	SMAD factors{7.1.1}	Co-activating Smads (Co-Smad){7.1.1.2}	894293	17128	SMAD4_MOUSE	P97471
SMCA5_MOUSE.H11MO.0.C	Smarca5	15	C	0	WGGMvKnSRWTGGAR	HOCOMOCOv11	ChIP-Seq	0.753925159766029	0.7412468106551702	3	2	419	Myb/SANT domain factors{3.5.1}	SMARCA-like factors{3.5.1.5}	1935129	93762	SMCA5_MOUSE	Q91ZW3
SNAI1_MOUSE.H11MO.0.C	Snai1	8	C	0	vCAGGTGb	HOCOMOCOv9	Integrative					5	More than 3 adjacent zinc finger factors{2.3.3}	Snail-like factors{2.3.3.2}	98330	20613	SNAI1_MOUSE	Q02085
SNAI2_MOUSE.H11MO.0.A	Snai2	11	A	0	dRCAGGTGYnb	HOCOMOCOv11	ChIP-Seq	0.9735101091697516	0.8750781079844133	11	3	494	More than 3 adjacent zinc finger factors{2.3.3}	Snail-like factors{2.3.3.2}	1096393	20583	SNAI2_MOUSE	P97469
SOX10_MOUSE.H11MO.0.B	Sox10	16	B	0	vARdRvvnbYWTTGTb	HOCOMOCOv11	ChIP-Seq	0.9103856237205874	0.7632036591325587	3	3	500			98358	20665	SOX10_MOUSE	Q04888
SOX2_MOUSE.H11MO.0.A	Sox2	16	A	0	bbYWTTSTnWTKYWdW	HOCOMOCOv11	ChIP-Seq	0.9553425992953839	0.9584785554865972	67	109	499	SOX-related factors{4.1.1}	Group B{4.1.1.2}	98364	20674	SOX2_MOUSE	P48432
SOX3_MOUSE.H11MO.0.C	Sox3	11	C	0	bYCTTTGTbnb	HOCOMOCOv11	ChIP-Seq	0.5588768383391008	0.9143386359669382	2	4	344	SOX-related factors{4.1.1}	Group B{4.1.1.2}	98365		SOX3_MOUSE	P53784
SOX4_MOUSE.H11MO.0.A	Sox4	12	A	0	bYCTTTGTYYbb	HOCOMOCOv11	ChIP-Seq	0.639614738320438	0.9783190527405211	2	7	500	SOX-related factors{4.1.1}	Group C{4.1.1.3}	98366	20677	SOX4_MOUSE	Q06831
SOX5_MOUSE.H11MO.0.C	Sox5	8	C	0	bATTGTTh	HOCOMOCOv9	Integrative					69	SOX-related factors{4.1.1}	Group D{4.1.1.4}	98367	20678	SOX5_MOUSE	P35710
SOX9_MOUSE.H11MO.0.A	Sox9	16	A	0	AAdRvnnbYWTTGTKY	HOCOMOCOv11	ChIP-Seq	0.7181183587575777	0.9814738162593991	6	25	500	SOX-related factors{4.1.1}	Group E{4.1.1.5}	98371	20682	SOX9_MOUSE	Q04887
SP1_MOUSE.H11MO.0.A	Sp1	24	A	0	SSvSRvRSvRRRGGMGGRGMvKSR	HOCOMOCOv11	ChIP-Seq	0.9985141282229069	0.9880159847304257	53	11	489	Three-zinc finger Krüppel-related factors{2.3.1}	Sp1-like factors{2.3.1.1}	98372	20683	SP1_MOUSE	O89090
SP2_MOUSE.H11MO.0.B	Sp2	22	B	0	SvvvvRRRGGCGGRRSbnvvSv	HOCOMOCOv10	ChIP-Seq	0.971990021009581		16		499	Three-zinc finger Krüppel-related factors{2.3.1}	Sp1-like factors{2.3.1.1}	1926162	78912	SP2_MOUSE	Q9D2H6
SP3_MOUSE.H11MO.0.B	Sp3	20	B	0	vvvvvKGGGMGGRSvbdvvv	HOCOMOCOv9	Integrative					415	Three-zinc finger Krüppel-related factors{2.3.1}	Sp1-like factors{2.3.1.1}	1277166	20687	SP3_MOUSE	O70494
SP4_MOUSE.H11MO.0.B	Sp4	20	B	0	vvSvdRRRGGMGGRGMhdvv	HOCOMOCOv11	ChIP-Seq	0.9834854825110978		5		499	Three-zinc finger Krüppel-related factors{2.3.1}	Sp1-like factors{2.3.1.1}	107595		SP4_MOUSE	Q62445
SP5_MOUSE.H11MO.0.C	Sp5	24	C	0	vdddRRRvRRvRvdRRGGGMGGRG	HOCOMOCOv11	ChIP-Seq		0.9562511041566459		3	499	Three-zinc finger Krüppel-related factors{2.3.1}	Sp1-like factors{2.3.1.1}	1927715	64406	SP5_MOUSE	Q9JHX2
SP7_MOUSE.H11MO.0.A	Sp7	14	A	0	vhAvSMYRYMATTW	HOCOMOCOv11	ChIP-Seq		0.9759932145380796		19	500	Three-zinc finger Krüppel-related factors{2.3.1}	Sp1-like factors{2.3.1.1}	2153568	170574	SP7_MOUSE	Q8VI67
SPI1_MOUSE.H11MO.0.A	Spi1	15	A	0	vvRRWGRGGAAGTGn	HOCOMOCOv11	ChIP-Seq	0.9989822566057306	0.9974621563740513	80	204	482	Ets-related factors{3.5.2}	Spi-like factors{3.5.2.5}	98282	20375	SPI1_MOUSE	P17433
SPIB_MOUSE.H11MO.0.A	Spib	17	A	0	RAAWGRGGAAGTGRvWn	HOCOMOCOv11	ChIP-Seq	0.9964154895974779	0.9766346599995067	12	3	458	Ets-related factors{3.5.2}	Spi-like factors{3.5.2.5}	892986	272382	SPIB_MOUSE	O35906
SRBP1_MOUSE.H11MO.0.B	Srebf1	11	B	0	vRTSRSSWGWb	HOCOMOCOv9	Integrative	0.892665222282328	0.7346142777761784	5	23	2191	bHLH-ZIP factors{1.2.6}	SREBP factors{1.2.6.3}	107606	20787	SRBP1_MOUSE	Q9WTN3
SRBP2_MOUSE.H11MO.0.B	Srebf2	13	B	0	vvvWGGvSWGRnb	HOCOMOCOv9	Integrative					2363	bHLH-ZIP factors{1.2.6}	SREBP factors{1.2.6.3}	107585	20788	SRBP2_MOUSE	Q3U1N2
SRF_MOUSE.H11MO.0.A	Srf	17	A	0	hKbCCWTWTWWGGbhdb	HOCOMOCOv11	ChIP-Seq	0.9495726718880612	0.9855633546162983	46	37	374	Responders to external signals (SRF/RLM1){5.1.2}	SRF{5.1.2.0.1}	106658	20807	SRF_MOUSE	Q9JM73
SRY_MOUSE.H11MO.0.B	Sry	9	B	0	bWTTGTWWh	HOCOMOCOv9	Integrative					108	SOX-related factors{4.1.1}	Group A{4.1.1.1}	98660	21674	SRY_MOUSE	Q05738
STA5A_MOUSE.H11MO.0.A	Stat5a	10	A	0	TTCYARGAAv	HOCOMOCOv11	ChIP-Seq	0.9279921231599867	0.9922951653213372	24	127	500	STAT factors{6.2.1}	STAT5A{6.2.1.0.5}	103036	20850	STA5A_MOUSE	P42230
STA5B_MOUSE.H11MO.0.A	Stat5b	12	A	0	nTTCYTRGAAdh	HOCOMOCOv11	ChIP-Seq	0.9650076177385888	0.9570221860213325	16	31	501	STAT factors{6.2.1}	STAT5B{6.2.1.0.6}	103035	20851	STA5B_MOUSE	P42232
STAT1_MOUSE.H11MO.0.A	Stat1	22	A	0	dRRRAAhdGAAAvhvMvnvhdd	HOCOMOCOv11	ChIP-Seq	0.9885314508303291	0.9580167494723927	37	128	500	STAT factors{6.2.1}	STAT1{6.2.1.0.1}	103063		STAT1_MOUSE	P42225
STAT2_MOUSE.H11MO.0.A	Stat2	19	A	0	dvRRAAhhGAAASYdRRRv	HOCOMOCOv11	ChIP-Seq	0.9796409735903564	0.9941893803335708	11	8	500	STAT factors{6.2.1}	STAT2{6.2.1.0.2}	103039		STAT2_MOUSE	Q9WVL2
STAT3_MOUSE.H11MO.0.A	Stat3	12	A	0	bdYTTCCMRKMA	HOCOMOCOv11	ChIP-Seq	0.9396852813032209	0.9408093843266989	36	82	500	STAT factors{6.2.1}	STAT3{6.2.1.0.3}	103038	20848	STAT3_MOUSE	P42227
STAT4_MOUSE.H11MO.0.A	Stat4	10	A	0	YTTCYhdKMM	HOCOMOCOv11	ChIP-Seq	0.932316386480076	0.9135986154524306	7	10	475	STAT factors{6.2.1}	STAT4{6.2.1.0.4}	103062	20849	STAT4_MOUSE	P42228
STAT6_MOUSE.H11MO.0.A	Stat6	14	A	0	bTTCYhvRGAAvhv	HOCOMOCOv11	ChIP-Seq	0.7514497978657227	0.9317010996773702	19	24	407	STAT factors{6.2.1}	STAT6{6.2.1.0.7}	103034	20852	STAT6_MOUSE	P52633
STF1_MOUSE.H11MO.0.B	Nr5a1	11	B	0	bbYCAAGGYCW	HOCOMOCOv11	ChIP-Seq	0.7585233878745958	0.8977597668575399	1	2	500	FTZ-F1-related receptors (NR5){2.1.5}	FTZ-F1 (SF-1) (NR5A1){2.1.5.0.1}	1346833	26423	STF1_MOUSE	P33242
SUH_MOUSE.H11MO.0.A	Rbpj	11	A	0	bbbTGRGAAvv	HOCOMOCOv11	ChIP-Seq	0.9392496030583853	0.9729125098038014	25	6	500	CSL-related factors{6.1.4}	M{6.1.4.1}	96522	19664	SUH_MOUSE	P31266
TAF1_MOUSE.H11MO.0.A	Taf1	14	A	0	vRRRAWGGMRRhbv	HOCOMOCOv11	ChIP-Seq	0.8128522323591011	0.9562437795276857	61	2	500	TCF-7-related factors{4.1.3}	TAF-1 (TAF-2A, TAF(II)250) [1]{4.1.3.0.5}	1336878	270627	TAF1_MOUSE	Q80UV9
TAL1_MOUSE.H11MO.0.A	Tal1	20	A	0	bYKbnnnnndvAGATAASvv	HOCOMOCOv11	ChIP-Seq	0.9645786329470964	0.9779091245510693	68	76	500	Tal-related factors{1.2.3}	Tal / HEN-like factors{1.2.3.1}	98480	21349	TAL1_MOUSE	P22091
TBP_MOUSE.H11MO.0.A	Tbp	10	A	0	vWATAAAWRv	HOCOMOCOv11	ChIP-Seq	0.7878294290219598	0.8505646315090509	21	45	500	TBP-related factors{8.1.1}	TBP{8.1.1.0.1}	101838	21374	TBP_MOUSE	P29037
TBX20_MOUSE.H11MO.0.C	Tbx20	14	C	0	ddSTGnTGAMARvn	HOCOMOCOv11	ChIP-Seq		0.88270296514563		4	500	TBX1-related factors{6.5.3}	TBX20{6.5.3.0.5}	1888496	57246	TBX20_MOUSE	Q9ES03
TBX21_MOUSE.H11MO.0.A	Tbx21	12	A	0	dddKGTGdSWdd	HOCOMOCOv11	ChIP-Seq	0.8042824099629714	0.8674882122716562	7	17	507	TBrain-related factors{6.5.2}	TBX21 (T-bet){6.5.2.0.3}	1888984	57765	TBX21_MOUSE	Q9JKD8
TBX3_MOUSE.H11MO.0.B	Tbx3	9	B	0	RRGGTGbbR	HOCOMOCOv11	ChIP-Seq	0.755974464241632	0.954792635342324	2	3	114	TBX2-related factors{6.5.4}	TBX3{6.5.4.0.2}	98495	21386	TBX3_MOUSE	P70324
TCF7_MOUSE.H11MO.0.A	Tcf7	16	A	0	vvRvWdSAAARvvvvv	HOCOMOCOv11	ChIP-Seq	0.7796942799050669	0.9466442132482322	7	19	500	TCF-7-related factors{4.1.3}	TCF-7 (TCF-1) [1]{4.1.3.0.1}	98507	21414	TCF7_MOUSE	Q00417
TEAD1_MOUSE.H11MO.0.A	Tead1	11	A	0	RMATTCCWRSv	HOCOMOCOv11	ChIP-Seq	0.9491627020525812	0.9502999525393986	14	5	500	TEF-1-related factors{3.6.1}	TEF-1 (TEAD-1, TCF-13){3.6.1.0.1}	101876	21676	TEAD1_MOUSE	P30051
TEAD2_MOUSE.H11MO.0.C	Tead2	12	C	0	hbRMATTCCWRv	HOCOMOCOv11	ChIP-Seq	0.5187520709805088	0.9361534682324482	2	2	308	TEF-1-related factors{3.6.1}	TEF-4 (TEAD-2){3.6.1.0.3}	104904	21677	TEAD2_MOUSE	P48301
TEAD4_MOUSE.H11MO.0.A	Tead4	15	A	0	RMATTCCWvdvdYdb	HOCOMOCOv11	ChIP-Seq	0.9625795346852798	0.9460492713970752	57	10	500	TEF-1-related factors{3.6.1}	TEF-3 (TEAD-4, TCF-13L1, Tefr1){3.6.1.0.2}	106907	21679	TEAD4_MOUSE	Q62296
TF2L1_MOUSE.H11MO.0.C	Tfcp2l1	19	C	0	ddCYRGYYYhddCYRGhYb	HOCOMOCOv11	ChIP-Seq		0.9925905785971543		3	491	CP2-related factors{6.7.2}	CP2-L1 (LBP-9, CRTR-1){6.7.2.0.2}	2444691	81879	TF2L1_MOUSE	Q3UNW5
TF65_MOUSE.H11MO.0.A	Rela	11	A	0	KGGRvTTTCCM	HOCOMOCOv11	ChIP-Seq	0.9742156728406077	0.9313125134142133	188	99	500	NF-kappaB-related factors{6.1.1}	NF-kappaB p65 subunit-like factors{6.1.1.2}	103290	19697	TF65_MOUSE	Q04207
TF7L1_MOUSE.H11MO.0.A	Tcf7l1	11	A	0	bbCTTTSAWSW	HOCOMOCOv11	ChIP-Seq	0.8666432399355217	0.8645266377337175	10	10	500	TCF-7-related factors{4.1.3}	TCF-7L1 (TCF-3) [1]{4.1.3.0.2}	1202876	21415	TF7L1_MOUSE	Q9Z1J1
TF7L2_MOUSE.H11MO.0.A	Tcf7l2	13	A	0	bbCTTTGATSYbb	HOCOMOCOv11	ChIP-Seq	0.9615646221392667	0.8878314324098526	46	10	500	TCF-7-related factors{4.1.3}	TCF-7L2 (TCF-4) [1]{4.1.3.0.3}	1202879	21416	TF7L2_MOUSE	Q924A0
TFE2_MOUSE.H11MO.0.A	Tcf3	11	A	0	vMCASCTGShn	HOCOMOCOv11	ChIP-Seq	0.9255476630449558	0.9773963428040655	9	60	503	E2A-related factors{1.2.1}	E2A (TCF-3, ITF-1){1.2.1.0.1}	98510	21423	TFE2_MOUSE	P15806
TFE3_MOUSE.H11MO.0.A	Tfe3	10	A	0	dGTCACGTGA	HOCOMOCOv11	ChIP-Seq	0.48334283250346294	0.9998638499122294	2	30	478	bHLH-ZIP factors{1.2.6}	TFE3-like factors{1.2.6.1}	98511	209446	TFE3_MOUSE	Q64092
TFEB_MOUSE.H11MO.0.C	Tfeb	9	C	0	dGTCACGTG	HOCOMOCOv9	Integrative					301	bHLH-ZIP factors{1.2.6}	TFE3-like factors{1.2.6.1}	103270	21425	TFEB_MOUSE	Q9R210
TGIF1_MOUSE.H11MO.0.A	Tgif1	9	A	0	TGACAGSdv	HOCOMOCOv11	ChIP-Seq	0.7862127341578095	0.9790079239855694	2	5	137	TALE-type homeo domain factors{3.1.4}	TGIF{3.1.4.6}	1194497	21815	TGIF1_MOUSE	P70284
THA11_MOUSE.H11MO.0.B	Thap11	22	B	0	KGSMTbYTGGGAvdTGTAGTYY	HOCOMOCOv11	ChIP-Seq	0.9422393599034421	0.7835153408109127	2	2	128	THAP-related factors{2.9.1}	THAP11 (HRIHFB2206){2.9.1.0.11}	1930964	59016	THA11_MOUSE	Q9JJD0
THA_MOUSE.H11MO.0.C	Thra	17	C	0	vRGKKYAnnYvAGGhCA	HOCOMOCOv11	ChIP-Seq		0.9110796225154413		4	500	Thyroid hormone receptor-related factors (NR1){2.1.2}	Thyroid hormone receptors (NR1A){2.1.2.2}	98742	21833	THA_MOUSE	P63058
TWST1_MOUSE.H11MO.0.B	Twist1	17	B	0	vCAKMTGKWhbbvATYW	HOCOMOCOv11	ChIP-Seq	0.9688660845860722	0.5936400979441117	9	8	500	Tal-related factors{1.2.3}	Twist-like factors{1.2.3.2}	98872	22160	TWST1_MOUSE	P26687
TYY1_MOUSE.H11MO.0.A	Yy1	12	A	0	vAAvATGGCSSM	HOCOMOCOv11	ChIP-Seq	0.9842576377077524	0.9931032868158538	69	72	500	More than 3 adjacent zinc finger factors{2.3.3}	YY1-like factors{2.3.3.9}	99150	22632	TYY1_MOUSE	Q00899
USF1_MOUSE.H11MO.0.A	Usf1	13	A	0	vvGTCACGTGnbS	HOCOMOCOv11	ChIP-Seq	0.9975586045339657	0.9869505306002525	59	7	461	bHLH-ZIP factors{1.2.6}	USF factors{1.2.6.2}	99542	22278	USF1_MOUSE	Q61069
USF2_MOUSE.H11MO.0.A	Usf2	19	A	0	vvGTCACGTGvbvvbbvbb	HOCOMOCOv10	ChIP-Seq	0.9981640365267064	0.998290171447526	23	10	501	bHLH-ZIP factors{1.2.6}	USF factors{1.2.6.2}	99961	22282	USF2_MOUSE	Q64705
VDR_MOUSE.H11MO.0.A	Vdr	16	A	0	vRGKKSAbhRRGKKYR	HOCOMOCOv11	ChIP-Seq	0.9425047641551371	0.9320976540274004	48	30	500	Thyroid hormone receptor-related factors (NR1){2.1.2}	Vitamin D receptor (NR1I){2.1.2.4}	103076	22337	VDR_MOUSE	P48281
VSX2_MOUSE.H11MO.0.C	Vsx2	12	C	0	hTAATTAGCYdn	HOCOMOCOv11	ChIP-Seq		0.9959919818233166		3	504	Paired-related HD factors{3.1.3}	VSX{3.1.3.28}	88401	12677	VSX2_MOUSE	Q61412
WT1_MOUSE.H11MO.0.B	Wt1	20	B	0	vvSnGRRGGAGGRRvvRRvR	HOCOMOCOv11	ChIP-Seq		0.9851252661695779		5	500	More than 3 adjacent zinc finger factors{2.3.3}	unclassified{2.3.3.0}	98968		WT1_MOUSE	P22561
XBP1_MOUSE.H11MO.0.C	Xbp1	12	C	0	GACGTGTMhhWd	HOCOMOCOv9	Integrative					1910	XBP-1-related factors{1.1.5}	XBP-1{1.1.5.0.1}	98970	22433	XBP1_MOUSE	O35426
ZBT17_MOUSE.H11MO.0.A	Zbtb17	19	A	0	vvvvSnGGRGGMGGGGvvv	HOCOMOCOv11	ChIP-Seq	0.796715019314016	0.9472545925136356	21	25	500	Factors with multiple dispersed zinc fingers{2.3.4}	unclassified{2.3.4.0}	107410	22642	ZBT17_MOUSE	Q60821
ZBT7A_MOUSE.H11MO.0.B	Zbtb7a	9	B	0	vRGGGKCbY	HOCOMOCOv11	ChIP-Seq	0.9292922050952235		12		500	More than 3 adjacent zinc finger factors{2.3.3}	ZBTB7 factors{2.3.3.8}	1335091	16969	ZBT7A_MOUSE	O88939
ZEB1_MOUSE.H11MO.0.B	Zeb1	10	B	0	bvCAGGTRdR	HOCOMOCOv11	ChIP-Seq	0.9377025886807896		12		500	HD-ZF factors{3.1.8}	ZEB{3.1.8.3}	1344313	21417	ZEB1_MOUSE	Q64318
ZFP42_MOUSE.H11MO.0.A	Zfp42	12	A	0	vRShGCCATYTY	HOCOMOCOv11	ChIP-Seq	0.9094744481238392	0.8002174713488021	3	2	500	More than 3 adjacent zinc finger factors{2.3.3}	YY1-like factors{2.3.3.9}	99187	22702	ZFP42_MOUSE	P22227
ZFP57_MOUSE.H11MO.0.B	Zfp57	10	B	0	bYGCGGCAvv	HOCOMOCOv11	ChIP-Seq		0.9277915036488987		10	226	Factors with multiple dispersed zinc fingers{2.3.4}	unclassified{2.3.4.0}	99204	22715	ZFP57_MOUSE	Q8C6P8
ZFX_MOUSE.H11MO.0.B	Zfx	19	B	0	dSCbvGGCCTvvnvbbbbb	HOCOMOCOv9	Integrative	0.7571296620397926	0.9856045689708491	10	4	480	More than 3 adjacent zinc finger factors{2.3.3}	ZFX/ZFY factors{2.3.3.65}	99211	22764	ZFX_MOUSE	P17012
ZIC1_MOUSE.H11MO.0.B	Zic1	9	B	0	KGGGWGSKv	HOCOMOCOv9	Integrative					34	More than 3 adjacent zinc finger factors{2.3.3}	GLI-like factors{2.3.3.1}	106683	22771	ZIC1_MOUSE	P46684
ZIC2_MOUSE.H11MO.0.C	Zic2	15	C	0	dRvYnCCTGCTGdGh	HOCOMOCOv11	ChIP-Seq	0.5021352735086537	0.9800915534801257	4	4	500	More than 3 adjacent zinc finger factors{2.3.3}	GLI-like factors{2.3.3.1}	106679		ZIC2_MOUSE	Q62520
ZIC3_MOUSE.H11MO.0.A	Zic3	15	A	0	dvvbhCCTGCTGdGn	HOCOMOCOv11	ChIP-Seq		0.9434576414115916		5	170	More than 3 adjacent zinc finger factors{2.3.3}	GLI-like factors{2.3.3.1}	106676	22773	ZIC3_MOUSE	Q62521
ZKSC1_MOUSE.H11MO.0.A	Zkscan1	19	A	0	dvhdbhCCTACTRWGYGYh	HOCOMOCOv11	ChIP-Seq		0.9605336211038284		6	500	More than 3 adjacent zinc finger factors{2.3.3}	ZNF24-like factors{2.3.3.10}	1921820	74570	ZKSC1_MOUSE	Q8BGS3
ZN143_MOUSE.H11MO.0.A	Znf143	22	A	0	dGShYbMTGGGAvdTGTAGTYY	HOCOMOCOv11	ChIP-Seq	0.9824874027316803	0.9789135498903275	28	9	463	More than 3 adjacent zinc finger factors{2.3.3}	ZNF76-like factors{2.3.3.28}	1277969	20841	ZN143_MOUSE	O70230
ZN281_MOUSE.H11MO.0.A	Znf281	15	A	0	RvRKKGGGGGAGGGG	HOCOMOCOv11	ChIP-Seq	0.9382728190071303	0.9994457270988139	7	3	502	More than 3 adjacent zinc finger factors{2.3.3}	ZNF148-like factors{2.3.3.13}	3029290	226442	ZN281_MOUSE	Q99LI5
ZN322_MOUSE.H11MO.0.B	Znf322	20	B	0	SdKYCTRbYMCdSdGbMKKv	HOCOMOCOv11	ChIP-Seq	0.8884880510540983	0.73829541476298	4	2	413	More than 3 adjacent zinc finger factors{2.3.3}	ZNF322-like factors{2.3.3.52}	2442566	218100	ZN322_MOUSE	Q8BZ89
ZN335_MOUSE.H11MO.0.A	Znf335	22	A	0	RKSTGYCYnnnbhdvTGCCTSh	HOCOMOCOv11	ChIP-Seq	0.9598942535665511	0.9682827770660125	2	4	103	Factors with multiple dispersed zinc fingers{2.3.4}	unclassified{2.3.4.0}	2682313	329559	ZN335_MOUSE	A2A5K6
ZN431_MOUSE.H11MO.0.C	Znf431	23	C	0	dvdbRvhRWCCTAAGACAGGvWb	HOCOMOCOv11	ChIP-Seq		0.9963086402509471		4	403	More than 3 adjacent zinc finger factors{2.3.3}	ZNF100-like factors{2.3.3.59}	1916754	69504	ZN431_MOUSE	E9QAG8
